Record Length,2500,Points,-2.4999999E-6,-4.00000019E-3,
Sample Interval,1.9999999E-9,s,-2.4980000E-6,2.0000001E-3,
Trigger Point,1.2500001E3,Samples,-2.4960000E-6,-2.0000001E-3,
,,,-2.4940000E-6,0.0,
,,,-2.4920000E-6,0.0,
,,,-2.4900000E-6,0.0,
Source,CH1,,-2.4879998E-6,-2.0000001E-3,
Vertical Units,Volts,,-2.4859999E-6,-2.0000001E-3,
Vertical Scale,50.00000237E-3,,-2.4839999E-6,-4.00000019E-3,
Vertical Offset,0,,-2.4819999E-6,0.0,
Horizontal Units,s,,-2.4799999E-6,2.0000001E-3,
Horizontal Scale,499.999985859E-9,,-2.4779999E-6,-2.0000001E-3,
Pt Fmt,Y,,-2.4760000E-6,0.0,
Yzero,0.0,,-2.4740000E-6,-4.00000019E-3,
Probe Atten,1.000000,,-2.4720000E-6,0.0,
,,,-2.4700000E-6,-2.0000001E-3,
Note,TDS 2001C - 4:18:03 PM   2019-07-25,,-2.4680000E-6,-2.0000001E-3,
,,,-2.4659998E-6,-2.0000001E-3,
,,,-2.4639999E-6,-2.0000001E-3,
,,,-2.4619999E-6,0.0,
,,,-2.4599999E-6,2.0000001E-3,
,,,-2.4579999E-6,0.0,
,,,-2.4559999E-6,-2.0000001E-3,
,,,-2.4540000E-6,-2.0000001E-3,
,,,-2.4520000E-6,-4.00000019E-3,
,,,-2.4500000E-6,-2.0000001E-3,
,,,-2.4480000E-6,-4.00000019E-3,
,,,-2.4459998E-6,-4.00000019E-3,
,,,-2.4439998E-6,-2.0000001E-3,
,,,-2.4419999E-6,0.0,
,,,-2.4399999E-6,0.0,
,,,-2.4379999E-6,-2.0000001E-3,
,,,-2.4359999E-6,0.0,
,,,-2.4340000E-6,-2.0000001E-3,
,,,-2.4320000E-6,2.0000001E-3,
,,,-2.4300000E-6,0.0,
,,,-2.4280000E-6,0.0,
,,,-2.4260000E-6,0.0,
,,,-2.4239998E-6,-2.0000001E-3,
,,,-2.4219999E-6,-4.00000019E-3,
,,,-2.4199999E-6,-2.0000001E-3,
,,,-2.4179999E-6,-2.0000001E-3,
,,,-2.4159999E-6,-2.0000001E-3,
,,,-2.4139999E-6,-2.0000001E-3,
,,,-2.4120000E-6,-2.0000001E-3,
,,,-2.4100000E-6,-2.0000001E-3,
,,,-2.4080000E-6,-4.00000019E-3,
,,,-2.4060000E-6,-2.0000001E-3,
,,,-2.4040000E-6,-2.0000001E-3,
,,,-2.4019998E-6,-2.0000001E-3,
,,,-2.3999999E-6,-2.0000001E-3,
,,,-2.3979999E-6,2.0000001E-3,
,,,-2.3959999E-6,-2.0000001E-3,
,,,-2.3939999E-6,-4.00000019E-3,
,,,-2.3919999E-6,-2.0000001E-3,
,,,-2.3900000E-6,-4.00000019E-3,
,,,-2.3880000E-6,-2.0000001E-3,
,,,-2.3860000E-6,-4.00000019E-3,
,,,-2.3840000E-6,-2.0000001E-3,
,,,-2.3820000E-6,-2.0000001E-3,
,,,-2.3799998E-6,-2.0000001E-3,
,,,-2.3779999E-6,-2.0000001E-3,
,,,-2.3759999E-6,0.0,
,,,-2.3739999E-6,-2.0000001E-3,
,,,-2.3719999E-6,-2.0000001E-3,
,,,-2.3699999E-6,0.0,
,,,-2.3680000E-6,-2.0000001E-3,
,,,-2.3660000E-6,0.0,
,,,-2.3640000E-6,-2.0000001E-3,
,,,-2.3620000E-6,-4.00000019E-3,
,,,-2.3600001E-6,-2.0000001E-3,
,,,-2.3579998E-6,-2.0000001E-3,
,,,-2.3559999E-6,-2.0000001E-3,
,,,-2.3539999E-6,-4.00000019E-3,
,,,-2.3519999E-6,-2.0000001E-3,
,,,-2.3499999E-6,-2.0000001E-3,
,,,-2.3480000E-6,-2.0000001E-3,
,,,-2.3460000E-6,-2.0000001E-3,
,,,-2.3440000E-6,0.0,
,,,-2.3420000E-6,0.0,
,,,-2.3400000E-6,-2.0000001E-3,
,,,-2.3379998E-6,-2.0000001E-3,
,,,-2.3359999E-6,-2.0000001E-3,
,,,-2.3339999E-6,-2.0000001E-3,
,,,-2.3319999E-6,2.0000001E-3,
,,,-2.3299999E-6,0.0,
,,,-2.3279999E-6,0.0,
,,,-2.3260000E-6,0.0,
,,,-2.3240000E-6,0.0,
,,,-2.3220000E-6,-2.0000001E-3,
,,,-2.3200000E-6,-2.0000001E-3,
,,,-2.3180000E-6,0.0,
,,,-2.3159998E-6,0.0,
,,,-2.3139999E-6,2.0000001E-3,
,,,-2.3119999E-6,0.0,
,,,-2.3099999E-6,-2.0000001E-3,
,,,-2.3079999E-6,-4.00000019E-3,
,,,-2.3059999E-6,0.0,
,,,-2.3040000E-6,0.0,
,,,-2.3020000E-6,-2.0000001E-3,
,,,-2.3000000E-6,0.0,
,,,-2.2980000E-6,-2.0000001E-3,
,,,-2.2960000E-6,-2.0000001E-3,
,,,-2.2939998E-6,0.0,
,,,-2.2919999E-6,-2.0000001E-3,
,,,-2.2899999E-6,-2.0000001E-3,
,,,-2.2879999E-6,-4.00000019E-3,
,,,-2.2859999E-6,-2.0000001E-3,
,,,-2.2839999E-6,-4.00000019E-3,
,,,-2.2820000E-6,2.0000001E-3,
,,,-2.2800000E-6,-2.0000001E-3,
,,,-2.2780000E-6,-2.0000001E-3,
,,,-2.2760000E-6,-2.0000001E-3,
,,,-2.2740001E-6,0.0,
,,,-2.2719998E-6,-2.0000001E-3,
,,,-2.2699999E-6,-2.0000001E-3,
,,,-2.2679999E-6,-2.0000001E-3,
,,,-2.2659999E-6,-2.0000001E-3,
,,,-2.2639999E-6,-2.0000001E-3,
,,,-2.2620000E-6,-2.0000001E-3,
,,,-2.2600000E-6,-2.0000001E-3,
,,,-2.2580000E-6,-2.0000001E-3,
,,,-2.2560000E-6,-2.0000001E-3,
,,,-2.2540000E-6,-2.0000001E-3,
,,,-2.2519998E-6,-2.0000001E-3,
,,,-2.2499999E-6,-4.00000019E-3,
,,,-2.2479999E-6,-2.0000001E-3,
,,,-2.2459999E-6,-2.0000001E-3,
,,,-2.2439999E-6,-2.0000001E-3,
,,,-2.2419999E-6,-2.0000001E-3,
,,,-2.2400000E-6,-2.0000001E-3,
,,,-2.2380000E-6,0.0,
,,,-2.2360000E-6,0.0,
,,,-2.2340000E-6,2.0000001E-3,
,,,-2.2320000E-6,0.0,
,,,-2.2299998E-6,-2.0000001E-3,
,,,-2.2279999E-6,0.0,
,,,-2.2259999E-6,-4.00000019E-3,
,,,-2.2239999E-6,-2.0000001E-3,
,,,-2.2219999E-6,-2.0000001E-3,
,,,-2.2199999E-6,-2.0000001E-3,
,,,-2.2180000E-6,-2.0000001E-3,
,,,-2.2160000E-6,-2.0000001E-3,
,,,-2.2140000E-6,-2.0000001E-3,
,,,-2.2120000E-6,-2.0000001E-3,
,,,-2.2100000E-6,-2.0000001E-3,
,,,-2.2079998E-6,-4.00000019E-3,
,,,-2.2059999E-6,-2.0000001E-3,
,,,-2.2039999E-6,-2.0000001E-3,
,,,-2.2019999E-6,-2.0000001E-3,
,,,-2.1999999E-6,0.0,
,,,-2.1979999E-6,-2.0000001E-3,
,,,-2.1960000E-6,-2.0000001E-3,
,,,-2.1940000E-6,-2.0000001E-3,
,,,-2.1920000E-6,-2.0000001E-3,
,,,-2.1900000E-6,0.0,
,,,-2.1880001E-6,-2.0000001E-3,
,,,-2.1859998E-6,-2.0000001E-3,
,,,-2.1839999E-6,0.0,
,,,-2.1819999E-6,0.0,
,,,-2.1799999E-6,0.0,
,,,-2.1779999E-6,2.0000001E-3,
,,,-2.1760000E-6,0.0,
,,,-2.1740000E-6,-2.0000001E-3,
,,,-2.1720000E-6,0.0,
,,,-2.1700000E-6,-2.0000001E-3,
,,,-2.1680000E-6,-2.0000001E-3,
,,,-2.1660001E-6,-4.00000019E-3,
,,,-2.1639999E-6,-4.00000019E-3,
,,,-2.1619999E-6,-2.0000001E-3,
,,,-2.1599999E-6,-4.00000019E-3,
,,,-2.1579999E-6,-2.0000001E-3,
,,,-2.1559999E-6,-2.0000001E-3,
,,,-2.1540000E-6,-2.0000001E-3,
,,,-2.1520000E-6,0.0,
,,,-2.1500000E-6,2.0000001E-3,
,,,-2.1480000E-6,-2.0000001E-3,
,,,-2.1460000E-6,0.0,
,,,-2.1439998E-6,0.0,
,,,-2.1419999E-6,-2.0000001E-3,
,,,-2.1399999E-6,-2.0000001E-3,
,,,-2.1379999E-6,-2.0000001E-3,
,,,-2.1359999E-6,-2.0000001E-3,
,,,-2.1339999E-6,-2.0000001E-3,
,,,-2.1320000E-6,-2.0000001E-3,
,,,-2.1300000E-6,0.0,
,,,-2.1280000E-6,2.0000001E-3,
,,,-2.1260000E-6,-2.0000001E-3,
,,,-2.1240000E-6,-2.0000001E-3,
,,,-2.1219998E-6,-2.0000001E-3,
,,,-2.1199999E-6,-2.0000001E-3,
,,,-2.1179999E-6,0.0,
,,,-2.1159999E-6,0.0,
,,,-2.1139999E-6,-2.0000001E-3,
,,,-2.1119999E-6,-4.00000019E-3,
,,,-2.1100000E-6,-4.00000019E-3,
,,,-2.1080000E-6,0.0,
,,,-2.1060000E-6,-2.0000001E-3,
,,,-2.1040000E-6,-2.0000001E-3,
,,,-2.1020001E-6,2.0000001E-3,
,,,-2.0999998E-6,0.0,
,,,-2.0979999E-6,-2.0000001E-3,
,,,-2.0959999E-6,0.0,
,,,-2.0939999E-6,0.0,
,,,-2.0919999E-6,-4.00000019E-3,
,,,-2.0900000E-6,-2.0000001E-3,
,,,-2.0880000E-6,-2.0000001E-3,
,,,-2.0860000E-6,-2.0000001E-3,
,,,-2.0840000E-6,0.0,
,,,-2.0820000E-6,-2.0000001E-3,
,,,-2.0800001E-6,0.0,
,,,-2.0779999E-6,-4.00000019E-3,
,,,-2.0759999E-6,0.0,
,,,-2.0739999E-6,-2.0000001E-3,
,,,-2.0719999E-6,0.0,
,,,-2.0699999E-6,-2.0000001E-3,
,,,-2.0680000E-6,0.0,
,,,-2.0660000E-6,0.0,
,,,-2.0640000E-6,0.0,
,,,-2.0620000E-6,-2.0000001E-3,
,,,-2.0600000E-6,-4.00000019E-3,
,,,-2.0579998E-6,-4.00000019E-3,
,,,-2.0559999E-6,-4.00000019E-3,
,,,-2.0539999E-6,-2.0000001E-3,
,,,-2.0519999E-6,-2.0000001E-3,
,,,-2.0499999E-6,-4.00000019E-3,
,,,-2.0479999E-6,-2.0000001E-3,
,,,-2.0460000E-6,0.0,
,,,-2.0440000E-6,0.0,
,,,-2.0420000E-6,0.0,
,,,-2.0400000E-6,0.0,
,,,-2.0380000E-6,-4.00000019E-3,
,,,-2.0359998E-6,2.0000001E-3,
,,,-2.0339999E-6,0.0,
,,,-2.0319999E-6,-2.0000001E-3,
,,,-2.0299999E-6,0.0,
,,,-2.0279999E-6,0.0,
,,,-2.0259999E-6,-2.0000001E-3,
,,,-2.0240000E-6,2.0000001E-3,
,,,-2.0220000E-6,-4.00000019E-3,
,,,-2.0200000E-6,-4.00000019E-3,
,,,-2.0180000E-6,-2.0000001E-3,
,,,-2.0160001E-6,-2.0000001E-3,
,,,-2.0139998E-6,-2.0000001E-3,
,,,-2.0119999E-6,0.0,
,,,-2.0099999E-6,-4.00000019E-3,
,,,-2.0079999E-6,-2.0000001E-3,
,,,-2.0059999E-6,-2.0000001E-3,
,,,-2.0040000E-6,-4.00000019E-3,
,,,-2.0020000E-6,0.0,
,,,-2.0000000E-6,0.0,
,,,-1.9980000E-6,0.0,
,,,-1.9960000E-6,-2.0000001E-3,
,,,-1.9940001E-6,-2.0000001E-3,
,,,-1.9919999E-6,-2.0000001E-3,
,,,-1.9899999E-6,-6.00000005E-3,
,,,-1.9879999E-6,-2.0000001E-3,
,,,-1.9859999E-6,0.0,
,,,-1.9839999E-6,0.0,
,,,-1.9820000E-6,0.0,
,,,-1.9800000E-6,2.0000001E-3,
,,,-1.9780000E-6,-2.0000001E-3,
,,,-1.9760000E-6,0.0,
,,,-1.9740000E-6,0.0,
,,,-1.9720001E-6,-2.0000001E-3,
,,,-1.9699999E-6,2.0000001E-3,
,,,-1.9679999E-6,0.0,
,,,-1.9659999E-6,0.0,
,,,-1.9639999E-6,0.0,
,,,-1.9619999E-6,0.0,
,,,-1.9600000E-6,0.0,
,,,-1.9580000E-6,2.0000001E-3,
,,,-1.9560000E-6,-2.0000001E-3,
,,,-1.9540000E-6,-2.0000001E-3,
,,,-1.9520000E-6,0.0,
,,,-1.9499998E-6,-2.0000001E-3,
,,,-1.9479999E-6,2.0000001E-3,
,,,-1.9459999E-6,2.0000001E-3,
,,,-1.9439999E-6,-2.0000001E-3,
,,,-1.9419999E-6,-2.0000001E-3,
,,,-1.9399999E-6,-2.0000001E-3,
,,,-1.9380000E-6,-2.0000001E-3,
,,,-1.9360000E-6,0.0,
,,,-1.9340000E-6,-2.0000001E-3,
,,,-1.9320000E-6,-2.0000001E-3,
,,,-1.9300001E-6,0.0,
,,,-1.9279998E-6,-2.0000001E-3,
,,,-1.9259999E-6,0.0,
,,,-1.9239999E-6,-2.0000001E-3,
,,,-1.9219999E-6,-4.00000019E-3,
,,,-1.9199999E-6,2.0000001E-3,
,,,-1.9180000E-6,0.0,
,,,-1.9160000E-6,0.0,
,,,-1.9140000E-6,-2.0000001E-3,
,,,-1.9120000E-6,-2.0000001E-3,
,,,-1.9100000E-6,-2.0000001E-3,
,,,-1.9080001E-6,-2.0000001E-3,
,,,-1.9060000E-6,-2.0000001E-3,
,,,-1.9040000E-6,-2.0000001E-3,
,,,-1.9020000E-6,-4.00000019E-3,
,,,-1.8999999E-6,-2.0000001E-3,
,,,-1.8979999E-6,0.0,
,,,-1.8960000E-6,0.0,
,,,-1.8940000E-6,-2.0000001E-3,
,,,-1.8920000E-6,0.0,
,,,-1.8899999E-6,-2.0000001E-3,
,,,-1.8879999E-6,-4.00000019E-3,
,,,-1.8859999E-6,0.0,
,,,-1.8840000E-6,-2.0000001E-3,
,,,-1.8820000E-6,-2.0000001E-3,
,,,-1.8799999E-6,-4.00000019E-3,
,,,-1.8779999E-6,2.0000001E-3,
,,,-1.8759999E-6,-2.0000001E-3,
,,,-1.8740000E-6,0.0,
,,,-1.8720000E-6,-2.0000001E-3,
,,,-1.8700000E-6,0.0,
,,,-1.8679999E-6,0.0,
,,,-1.8659999E-6,0.0,
,,,-1.8640000E-6,-2.0000001E-3,
,,,-1.8620000E-6,-2.0000001E-3,
,,,-1.8600000E-6,-4.00000019E-3,
,,,-1.8579999E-6,-2.0000001E-3,
,,,-1.8559999E-6,-4.00000019E-3,
,,,-1.8539999E-6,-4.00000019E-3,
,,,-1.8520000E-6,-4.00000019E-3,
,,,-1.8500000E-6,-2.0000001E-3,
,,,-1.8480000E-6,-2.0000001E-3,
,,,-1.8459999E-6,-2.0000001E-3,
,,,-1.8439999E-6,0.0,
,,,-1.8420000E-6,-2.0000001E-3,
,,,-1.8400000E-6,-4.00000019E-3,
,,,-1.8380000E-6,2.0000001E-3,
,,,-1.8359999E-6,0.0,
,,,-1.8339999E-6,-4.00000019E-3,
,,,-1.8320000E-6,2.0000001E-3,
,,,-1.8300000E-6,-2.0000001E-3,
,,,-1.8280000E-6,0.0,
,,,-1.8259999E-6,0.0,
,,,-1.8239999E-6,0.0,
,,,-1.8219999E-6,-2.0000001E-3,
,,,-1.8200000E-6,-4.00000019E-3,
,,,-1.8180000E-6,-2.0000001E-3,
,,,-1.8160000E-6,-2.0000001E-3,
,,,-1.8139999E-6,-4.00000019E-3,
,,,-1.8119999E-6,-2.0000001E-3,
,,,-1.8100000E-6,-2.0000001E-3,
,,,-1.8080000E-6,-2.0000001E-3,
,,,-1.8060000E-6,0.0,
,,,-1.8039999E-6,0.0,
,,,-1.8019999E-6,-2.0000001E-3,
,,,-1.7999999E-6,0.0,
,,,-1.7980000E-6,-2.0000001E-3,
,,,-1.7960000E-6,-2.0000001E-3,
,,,-1.7940000E-6,2.0000001E-3,
,,,-1.7919999E-6,-2.0000001E-3,
,,,-1.7899999E-6,-4.00000019E-3,
,,,-1.7880000E-6,2.0000001E-3,
,,,-1.7860000E-6,-2.0000001E-3,
,,,-1.7840000E-6,0.0,
,,,-1.7819999E-6,0.0,
,,,-1.7799999E-6,-2.0000001E-3,
,,,-1.7780000E-6,0.0,
,,,-1.7760000E-6,-2.0000001E-3,
,,,-1.7740000E-6,0.0,
,,,-1.7719999E-6,2.0000001E-3,
,,,-1.7699999E-6,-2.0000001E-3,
,,,-1.7679999E-6,-2.0000001E-3,
,,,-1.7660000E-6,-2.0000001E-3,
,,,-1.7640000E-6,0.0,
,,,-1.7620000E-6,-2.0000001E-3,
,,,-1.7599999E-6,0.0,
,,,-1.7579999E-6,0.0,
,,,-1.7560000E-6,-2.0000001E-3,
,,,-1.7540000E-6,0.0,
,,,-1.7520000E-6,-2.0000001E-3,
,,,-1.7499999E-6,2.0000001E-3,
,,,-1.7479999E-6,0.0,
,,,-1.7460000E-6,0.0,
,,,-1.7440000E-6,-2.0000001E-3,
,,,-1.7420000E-6,-2.0000001E-3,
,,,-1.7399999E-6,0.0,
,,,-1.7379999E-6,2.0000001E-3,
,,,-1.7359999E-6,0.0,
,,,-1.7340000E-6,0.0,
,,,-1.7320000E-6,2.0000001E-3,
,,,-1.7300000E-6,0.0,
,,,-1.7279999E-6,0.0,
,,,-1.7259999E-6,-2.0000001E-3,
,,,-1.7240000E-6,-4.00000019E-3,
,,,-1.7220000E-6,0.0,
,,,-1.7200000E-6,-2.0000001E-3,
,,,-1.7179999E-6,-2.0000001E-3,
,,,-1.7159999E-6,-2.0000001E-3,
,,,-1.7139999E-6,-2.0000001E-3,
,,,-1.7120000E-6,-2.0000001E-3,
,,,-1.7100000E-6,0.0,
,,,-1.7080000E-6,-2.0000001E-3,
,,,-1.7059999E-6,0.0,
,,,-1.7039999E-6,-2.0000001E-3,
,,,-1.7020000E-6,-2.0000001E-3,
,,,-1.7000000E-6,0.0,
,,,-1.6980000E-6,0.0,
,,,-1.6959999E-6,0.0,
,,,-1.6939999E-6,-4.00000019E-3,
,,,-1.6920000E-6,-4.00000019E-3,
,,,-1.6900000E-6,-2.0000001E-3,
,,,-1.6880000E-6,0.0,
,,,-1.6859999E-6,-2.0000001E-3,
,,,-1.6839999E-6,0.0,
,,,-1.6819999E-6,0.0,
,,,-1.6800000E-6,-2.0000001E-3,
,,,-1.6780000E-6,-2.0000001E-3,
,,,-1.6760000E-6,0.0,
,,,-1.6739999E-6,-2.0000001E-3,
,,,-1.6719999E-6,2.0000001E-3,
,,,-1.6700000E-6,0.0,
,,,-1.6680000E-6,-2.0000001E-3,
,,,-1.6660000E-6,-2.0000001E-3,
,,,-1.6639999E-6,-2.0000001E-3,
,,,-1.6619999E-6,-4.00000019E-3,
,,,-1.6600000E-6,-2.0000001E-3,
,,,-1.6580000E-6,-4.00000019E-3,
,,,-1.6560000E-6,-4.00000019E-3,
,,,-1.6540000E-6,-2.0000001E-3,
,,,-1.6519999E-6,-4.00000019E-3,
,,,-1.6499999E-6,-2.0000001E-3,
,,,-1.6480000E-6,-2.0000001E-3,
,,,-1.6460000E-6,-2.0000001E-3,
,,,-1.6440000E-6,0.0,
,,,-1.6419999E-6,-2.0000001E-3,
,,,-1.6399999E-6,2.0000001E-3,
,,,-1.6380000E-6,0.0,
,,,-1.6360000E-6,-2.0000001E-3,
,,,-1.6340000E-6,0.0,
,,,-1.6319999E-6,-4.00000019E-3,
,,,-1.6299999E-6,0.0,
,,,-1.6279999E-6,0.0,
,,,-1.6260000E-6,-2.0000001E-3,
,,,-1.6240000E-6,-2.0000001E-3,
,,,-1.6220000E-6,-2.0000001E-3,
,,,-1.6199999E-6,-2.0000001E-3,
,,,-1.6179999E-6,-4.00000019E-3,
,,,-1.6160000E-6,-2.0000001E-3,
,,,-1.6140000E-6,-2.0000001E-3,
,,,-1.6120000E-6,-2.0000001E-3,
,,,-1.6099999E-6,-4.00000019E-3,
,,,-1.6079999E-6,-2.0000001E-3,
,,,-1.6060000E-6,0.0,
,,,-1.6040000E-6,-2.0000001E-3,
,,,-1.6020000E-6,-2.0000001E-3,
,,,-1.6000000E-6,0.0,
,,,-1.5979999E-6,-2.0000001E-3,
,,,-1.5959999E-6,-2.0000001E-3,
,,,-1.5940000E-6,-4.00000019E-3,
,,,-1.5920000E-6,-2.0000001E-3,
,,,-1.5900000E-6,-2.0000001E-3,
,,,-1.5879999E-6,0.0,
,,,-1.5859999E-6,0.0,
,,,-1.5840000E-6,0.0,
,,,-1.5820000E-6,0.0,
,,,-1.5800000E-6,-2.0000001E-3,
,,,-1.5779999E-6,-2.0000001E-3,
,,,-1.5759999E-6,-2.0000001E-3,
,,,-1.5740000E-6,-2.0000001E-3,
,,,-1.5720000E-6,-4.00000019E-3,
,,,-1.5700000E-6,-4.00000019E-3,
,,,-1.5680000E-6,-4.00000019E-3,
,,,-1.5659999E-6,-4.00000019E-3,
,,,-1.5639999E-6,0.0,
,,,-1.5620000E-6,0.0,
,,,-1.5600000E-6,-2.0000001E-3,
,,,-1.5580000E-6,-2.0000001E-3,
,,,-1.5559999E-6,-2.0000001E-3,
,,,-1.5539999E-6,-4.00000019E-3,
,,,-1.5520000E-6,0.0,
,,,-1.5500000E-6,0.0,
,,,-1.5480000E-6,-2.0000001E-3,
,,,-1.5459999E-6,-2.0000001E-3,
,,,-1.5439999E-6,-4.00000019E-3,
,,,-1.5419999E-6,-2.0000001E-3,
,,,-1.5400000E-6,0.0,
,,,-1.5380000E-6,-2.0000001E-3,
,,,-1.5360000E-6,0.0,
,,,-1.5339999E-6,0.0,
,,,-1.5319999E-6,-2.0000001E-3,
,,,-1.5300000E-6,-2.0000001E-3,
,,,-1.5280000E-6,-4.00000019E-3,
,,,-1.5260000E-6,-2.0000001E-3,
,,,-1.5239999E-6,-2.0000001E-3,
,,,-1.5219999E-6,-2.0000001E-3,
,,,-1.5200000E-6,-2.0000001E-3,
,,,-1.5180000E-6,-4.00000019E-3,
,,,-1.5160000E-6,-4.00000019E-3,
,,,-1.5140000E-6,-2.0000001E-3,
,,,-1.5119999E-6,-2.0000001E-3,
,,,-1.5099999E-6,0.0,
,,,-1.5080000E-6,0.0,
,,,-1.5060000E-6,0.0,
,,,-1.5040000E-6,-2.0000001E-3,
,,,-1.5019999E-6,-2.0000001E-3,
,,,-1.4999999E-6,0.0,
,,,-1.4980000E-6,0.0,
,,,-1.4960000E-6,0.0,
,,,-1.4940000E-6,-2.0000001E-3,
,,,-1.4919999E-6,-2.0000001E-3,
,,,-1.4899999E-6,0.0,
,,,-1.4880000E-6,-2.0000001E-3,
,,,-1.4860000E-6,0.0,
,,,-1.4840000E-6,-2.0000001E-3,
,,,-1.4820000E-6,0.0,
,,,-1.4799999E-6,0.0,
,,,-1.4779999E-6,-2.0000001E-3,
,,,-1.4760000E-6,-2.0000001E-3,
,,,-1.4740000E-6,-2.0000001E-3,
,,,-1.4720000E-6,-2.0000001E-3,
,,,-1.4699999E-6,-2.0000001E-3,
,,,-1.4679999E-6,-4.00000019E-3,
,,,-1.4660000E-6,-2.0000001E-3,
,,,-1.4640000E-6,-2.0000001E-3,
,,,-1.4620000E-6,-4.00000019E-3,
,,,-1.4600000E-6,-2.0000001E-3,
,,,-1.4579999E-6,-4.00000019E-3,
,,,-1.4559999E-6,-2.0000001E-3,
,,,-1.4540000E-6,-2.0000001E-3,
,,,-1.4520000E-6,0.0,
,,,-1.4500000E-6,-2.0000001E-3,
,,,-1.4479999E-6,-2.0000001E-3,
,,,-1.4459999E-6,0.0,
,,,-1.4440000E-6,-2.0000001E-3,
,,,-1.4420000E-6,-2.0000001E-3,
,,,-1.4400000E-6,0.0,
,,,-1.4379999E-6,-2.0000001E-3,
,,,-1.4359999E-6,0.0,
,,,-1.4340000E-6,-4.00000019E-3,
,,,-1.4320000E-6,-2.0000001E-3,
,,,-1.4300000E-6,-2.0000001E-3,
,,,-1.4280000E-6,-2.0000001E-3,
,,,-1.4259999E-6,-2.0000001E-3,
,,,-1.4239999E-6,-4.00000019E-3,
,,,-1.4220000E-6,-2.0000001E-3,
,,,-1.4200000E-6,-2.0000001E-3,
,,,-1.4180000E-6,-4.00000019E-3,
,,,-1.4159999E-6,-2.0000001E-3,
,,,-1.4139999E-6,-2.0000001E-3,
,,,-1.4120000E-6,-2.0000001E-3,
,,,-1.4100000E-6,-2.0000001E-3,
,,,-1.4080000E-6,0.0,
,,,-1.4060000E-6,-2.0000001E-3,
,,,-1.4039999E-6,-2.0000001E-3,
,,,-1.4020000E-6,0.0,
,,,-1.4000000E-6,-2.0000001E-3,
,,,-1.3980000E-6,-2.0000001E-3,
,,,-1.3960000E-6,-2.0000001E-3,
,,,-1.3939999E-6,-2.0000001E-3,
,,,-1.3919999E-6,2.0000001E-3,
,,,-1.3900000E-6,-2.0000001E-3,
,,,-1.3880000E-6,0.0,
,,,-1.3860000E-6,0.0,
,,,-1.3839999E-6,-2.0000001E-3,
,,,-1.3819999E-6,-2.0000001E-3,
,,,-1.3800000E-6,-4.00000019E-3,
,,,-1.3780000E-6,-2.0000001E-3,
,,,-1.3760000E-6,0.0,
,,,-1.3740000E-6,-4.00000019E-3,
,,,-1.3719999E-6,-2.0000001E-3,
,,,-1.3699999E-6,-2.0000001E-3,
,,,-1.3680000E-6,-2.0000001E-3,
,,,-1.3660000E-6,0.0,
,,,-1.3640000E-6,-2.0000001E-3,
,,,-1.3619999E-6,-2.0000001E-3,
,,,-1.3599999E-6,-4.00000019E-3,
,,,-1.3580000E-6,0.0,
,,,-1.3560000E-6,0.0,
,,,-1.3540000E-6,0.0,
,,,-1.3519999E-6,0.0,
,,,-1.3499999E-6,-4.00000019E-3,
,,,-1.3480000E-6,-2.0000001E-3,
,,,-1.3460000E-6,0.0,
,,,-1.3440000E-6,-2.0000001E-3,
,,,-1.3420000E-6,2.0000001E-3,
,,,-1.3399999E-6,-2.0000001E-3,
,,,-1.3379999E-6,-4.00000019E-3,
,,,-1.3360000E-6,0.0,
,,,-1.3340000E-6,-2.0000001E-3,
,,,-1.3320000E-6,-4.00000019E-3,
,,,-1.3299999E-6,-2.0000001E-3,
,,,-1.3279999E-6,-2.0000001E-3,
,,,-1.3260000E-6,0.0,
,,,-1.3240000E-6,-2.0000001E-3,
,,,-1.3220000E-6,-4.00000019E-3,
,,,-1.3200000E-6,-2.0000001E-3,
,,,-1.3179999E-6,0.0,
,,,-1.3160000E-6,-2.0000001E-3,
,,,-1.3140000E-6,-2.0000001E-3,
,,,-1.3120000E-6,-2.0000001E-3,
,,,-1.3100000E-6,0.0,
,,,-1.3079999E-6,-2.0000001E-3,
,,,-1.3059999E-6,-4.00000019E-3,
,,,-1.3040000E-6,0.0,
,,,-1.3020000E-6,-2.0000001E-3,
,,,-1.3000000E-6,-2.0000001E-3,
,,,-1.2979999E-6,-2.0000001E-3,
,,,-1.2959999E-6,0.0,
,,,-1.2940000E-6,0.0,
,,,-1.2920000E-6,0.0,
,,,-1.2900000E-6,-4.00000019E-3,
,,,-1.2880000E-6,-2.0000001E-3,
,,,-1.2859999E-6,-4.00000019E-3,
,,,-1.2839999E-6,2.0000001E-3,
,,,-1.2820000E-6,-2.0000001E-3,
,,,-1.2800000E-6,0.0,
,,,-1.2780000E-6,-2.0000001E-3,
,,,-1.2759999E-6,0.0,
,,,-1.2739999E-6,-2.0000001E-3,
,,,-1.2720000E-6,0.0,
,,,-1.2700000E-6,-2.0000001E-3,
,,,-1.2680000E-6,-2.0000001E-3,
,,,-1.2660000E-6,-2.0000001E-3,
,,,-1.2639999E-6,-2.0000001E-3,
,,,-1.2620000E-6,0.0,
,,,-1.2600000E-6,-2.0000001E-3,
,,,-1.2580000E-6,-2.0000001E-3,
,,,-1.2560000E-6,-2.0000001E-3,
,,,-1.2539999E-6,0.0,
,,,-1.2519999E-6,-2.0000001E-3,
,,,-1.2500000E-6,-2.0000001E-3,
,,,-1.2480000E-6,0.0,
,,,-1.2460000E-6,-2.0000001E-3,
,,,-1.2439999E-6,0.0,
,,,-1.2419999E-6,0.0,
,,,-1.2400000E-6,-2.0000001E-3,
,,,-1.2380000E-6,2.0000001E-3,
,,,-1.2360000E-6,-4.00000019E-3,
,,,-1.2340000E-6,-4.00000019E-3,
,,,-1.2319999E-6,-2.0000001E-3,
,,,-1.2300000E-6,-2.0000001E-3,
,,,-1.2280000E-6,-4.00000019E-3,
,,,-1.2260000E-6,-2.0000001E-3,
,,,-1.2240000E-6,-2.0000001E-3,
,,,-1.2219999E-6,-4.00000019E-3,
,,,-1.2199999E-6,0.0,
,,,-1.2180000E-6,-4.00000019E-3,
,,,-1.2160000E-6,-2.0000001E-3,
,,,-1.2140000E-6,-2.0000001E-3,
,,,-1.2120000E-6,-2.0000001E-3,
,,,-1.2099999E-6,-2.0000001E-3,
,,,-1.2080000E-6,-2.0000001E-3,
,,,-1.2060000E-6,-4.00000019E-3,
,,,-1.2040000E-6,0.0,
,,,-1.2020000E-6,-2.0000001E-3,
,,,-1.1999999E-6,-4.00000019E-3,
,,,-1.1979999E-6,-4.00000019E-3,
,,,-1.1960000E-6,-2.0000001E-3,
,,,-1.1940000E-6,-2.0000001E-3,
,,,-1.1920000E-6,-2.0000001E-3,
,,,-1.1899999E-6,0.0,
,,,-1.1879999E-6,2.0000001E-3,
,,,-1.1860000E-6,-2.0000001E-3,
,,,-1.1840000E-6,-2.0000001E-3,
,,,-1.1820000E-6,-2.0000001E-3,
,,,-1.1800000E-6,0.0,
,,,-1.1779999E-6,-2.0000001E-3,
,,,-1.1760000E-6,-4.00000019E-3,
,,,-1.1740000E-6,-2.0000001E-3,
,,,-1.1720000E-6,-2.0000001E-3,
,,,-1.1700000E-6,0.0,
,,,-1.1679999E-6,-2.0000001E-3,
,,,-1.1659999E-6,-2.0000001E-3,
,,,-1.1640000E-6,-2.0000001E-3,
,,,-1.1620000E-6,-2.0000001E-3,
,,,-1.1600000E-6,-2.0000001E-3,
,,,-1.1579999E-6,-2.0000001E-3,
,,,-1.1559999E-6,0.0,
,,,-1.1540000E-6,0.0,
,,,-1.1520000E-6,-2.0000001E-3,
,,,-1.1500000E-6,0.0,
,,,-1.1480000E-6,-2.0000001E-3,
,,,-1.1459999E-6,-2.0000001E-3,
,,,-1.1440000E-6,2.0000001E-3,
,,,-1.1420000E-6,0.0,
,,,-1.1400000E-6,-2.0000001E-3,
,,,-1.1380000E-6,2.0000001E-3,
,,,-1.1359999E-6,0.0,
,,,-1.1339999E-6,-4.00000019E-3,
,,,-1.1320000E-6,-4.00000019E-3,
,,,-1.1300000E-6,-2.0000001E-3,
,,,-1.1280000E-6,0.0,
,,,-1.1260000E-6,-2.0000001E-3,
,,,-1.1239999E-6,-2.0000001E-3,
,,,-1.1220000E-6,0.0,
,,,-1.1200000E-6,-2.0000001E-3,
,,,-1.1180000E-6,-2.0000001E-3,
,,,-1.1160000E-6,0.0,
,,,-1.1139999E-6,-2.0000001E-3,
,,,-1.1119999E-6,2.0000001E-3,
,,,-1.1100000E-6,-2.0000001E-3,
,,,-1.1080000E-6,0.0,
,,,-1.1060000E-6,0.0,
,,,-1.1039999E-6,0.0,
,,,-1.1019999E-6,-2.0000001E-3,
,,,-1.1000000E-6,-2.0000001E-3,
,,,-1.0980000E-6,-4.00000019E-3,
,,,-1.0960000E-6,-2.0000001E-3,
,,,-1.0940000E-6,2.0000001E-3,
,,,-1.0919999E-6,-2.0000001E-3,
,,,-1.0900000E-6,0.0,
,,,-1.0880000E-6,-2.0000001E-3,
,,,-1.0860000E-6,2.0000001E-3,
,,,-1.0840000E-6,-2.0000001E-3,
,,,-1.0819999E-6,-2.0000001E-3,
,,,-1.0799999E-6,-2.0000001E-3,
,,,-1.0780000E-6,-2.0000001E-3,
,,,-1.0760000E-6,0.0,
,,,-1.0740000E-6,0.0,
,,,-1.0720000E-6,-2.0000001E-3,
,,,-1.0699999E-6,-2.0000001E-3,
,,,-1.0680000E-6,-4.00000019E-3,
,,,-1.0660000E-6,-2.0000001E-3,
,,,-1.0640000E-6,-2.0000001E-3,
,,,-1.0620000E-6,-2.0000001E-3,
,,,-1.0599999E-6,-2.0000001E-3,
,,,-1.0580000E-6,0.0,
,,,-1.0560000E-6,0.0,
,,,-1.0540000E-6,-2.0000001E-3,
,,,-1.0520000E-6,-2.0000001E-3,
,,,-1.0499999E-6,-2.0000001E-3,
,,,-1.0479999E-6,-2.0000001E-3,
,,,-1.0460000E-6,0.0,
,,,-1.0440000E-6,-2.0000001E-3,
,,,-1.0420000E-6,-2.0000001E-3,
,,,-1.0400000E-6,0.0,
,,,-1.0379999E-6,0.0,
,,,-1.0360000E-6,-2.0000001E-3,
,,,-1.0340000E-6,2.0000001E-3,
,,,-1.0320000E-6,-2.0000001E-3,
,,,-1.0300000E-6,-2.0000001E-3,
,,,-1.0279999E-6,-2.0000001E-3,
,,,-1.0259999E-6,-2.0000001E-3,
,,,-1.0240000E-6,-2.0000001E-3,
,,,-1.0220000E-6,-2.0000001E-3,
,,,-1.0200000E-6,-2.0000001E-3,
,,,-1.0180000E-6,-2.0000001E-3,
,,,-1.0159999E-6,-2.0000001E-3,
,,,-1.0140000E-6,0.0,
,,,-1.0120000E-6,0.0,
,,,-1.0100000E-6,-2.0000001E-3,
,,,-1.0080000E-6,-4.00000019E-3,
,,,-1.0059999E-6,0.0,
,,,-1.0040000E-6,-2.0000001E-3,
,,,-1.0020000E-6,-2.0000001E-3,
,,,-1.000000E-6,-4.00000019E-3,
,,,-998.000018626E-9,-2.0000001E-3,
,,,-995.999926090E-9,0.0,
,,,-993.999947241E-9,-2.0000001E-3,
,,,-991.999968392E-9,0.0,
,,,-989.999989542E-9,2.0000001E-3,
,,,-988.000010693E-9,-2.0000001E-3,
,,,-986.000031844E-9,-2.0000001E-3,
,,,-983.999939308E-9,-2.0000001E-3,
,,,-981.999960459E-9,-2.0000001E-3,
,,,-979.999981610E-9,2.0000001E-3,
,,,-978.000002760E-9,-2.0000001E-3,
,,,-976.000023911E-9,-4.00000019E-3,
,,,-973.999931375E-9,-4.00000019E-3,
,,,-971.999952526E-9,-4.00000019E-3,
,,,-969.999973677E-9,0.0,
,,,-967.999994828E-9,0.0,
,,,-966.000015978E-9,0.0,
,,,-964.000037129E-9,0.0,
,,,-961.999944593E-9,-2.0000001E-3,
,,,-959.999965744E-9,-2.0000001E-3,
,,,-957.999986895E-9,0.0,
,,,-956.000008046E-9,0.0,
,,,-954.000029196E-9,-4.00000019E-3,
,,,-951.999993504E-9,-2.0000001E-3,
,,,-949.999957811E-9,-4.00000019E-3,
,,,-947.999978962E-9,0.0,
,,,-946.000000113E-9,2.0000001E-3,
,,,-943.999964420E-9,-2.0000001E-3,
,,,-941.999985571E-9,0.0,
,,,-940.000006722E-9,0.0,
,,,-937.999971029E-9,-2.0000001E-3,
,,,-935.999992180E-9,-2.0000001E-3,
,,,-933.999956487E-9,-4.00000019E-3,
,,,-931.999977638E-9,-4.00000019E-3,
,,,-929.999998789E-9,-2.0000001E-3,
,,,-927.999963096E-9,0.0,
,,,-925.999984247E-9,-2.0000001E-3,
,,,-924.000005398E-9,-2.0000001E-3,
,,,-921.999969705E-9,-4.00000019E-3,
,,,-919.999990856E-9,-2.0000001E-3,
,,,-917.999955163E-9,0.0,
,,,-915.999976314E-9,-2.0000001E-3,
,,,-913.999997465E-9,2.0000001E-3,
,,,-911.999961772E-9,-2.0000001E-3,
,,,-909.999982923E-9,0.0,
,,,-908.000004074E-9,0.0,
,,,-905.999968381E-9,0.0,
,,,-903.999989532E-9,-2.0000001E-3,
,,,-901.999953840E-9,-2.0000001E-3,
,,,-899.999974990E-9,0.0,
,,,-897.999996141E-9,0.0,
,,,-895.999960449E-9,0.0,
,,,-893.999981599E-9,0.0,
,,,-892.000002750E-9,0.0,
,,,-889.999967058E-9,0.0,
,,,-887.999988208E-9,2.0000001E-3,
,,,-886.000009359E-9,-4.00000019E-3,
,,,-883.999973667E-9,-2.0000001E-3,
,,,-881.999994817E-9,-2.0000001E-3,
,,,-879.999959125E-9,-2.0000001E-3,
,,,-877.999980275E-9,-2.0000001E-3,
,,,-876.000001426E-9,0.0,
,,,-873.999965734E-9,-2.0000001E-3,
,,,-871.999986884E-9,-2.0000001E-3,
,,,-870.000008035E-9,-2.0000001E-3,
,,,-867.999972343E-9,-2.0000001E-3,
,,,-865.999993493E-9,-2.0000001E-3,
,,,-863.999957801E-9,-4.00000019E-3,
,,,-861.999978952E-9,-2.0000001E-3,
,,,-860.000000102E-9,0.0,
,,,-857.999964410E-9,0.0,
,,,-855.999985561E-9,-2.0000001E-3,
,,,-854.000006711E-9,-2.0000001E-3,
,,,-851.999971019E-9,0.0,
,,,-849.999992170E-9,-2.0000001E-3,
,,,-847.999956477E-9,-2.0000001E-3,
,,,-845.999977628E-9,-2.0000001E-3,
,,,-843.999998779E-9,-4.00000019E-3,
,,,-841.999963086E-9,2.0000001E-3,
,,,-839.999984237E-9,-2.0000001E-3,
,,,-838.000005388E-9,-2.0000001E-3,
,,,-835.999969695E-9,-2.0000001E-3,
,,,-833.999990846E-9,0.0,
,,,-832.000011997E-9,-2.0000001E-3,
,,,-829.999976304E-9,-4.00000019E-3,
,,,-827.999997455E-9,-2.0000001E-3,
,,,-825.999961762E-9,-2.0000001E-3,
,,,-823.999982913E-9,-4.00000019E-3,
,,,-822.000004064E-9,-2.0000001E-3,
,,,-819.999968371E-9,-2.0000001E-3,
,,,-817.999989522E-9,-2.0000001E-3,
,,,-816.000010673E-9,-2.0000001E-3,
,,,-813.999974980E-9,0.0,
,,,-811.999996131E-9,-4.00000019E-3,
,,,-809.999960438E-9,-4.00000019E-3,
,,,-807.999981589E-9,0.0,
,,,-806.000002740E-9,-2.0000001E-3,
,,,-803.999967047E-9,0.0,
,,,-801.999988198E-9,-2.0000001E-3,
,,,-800.000009349E-9,-2.0000001E-3,
,,,-797.999973656E-9,0.0,
,,,-795.999994807E-9,0.0,
,,,-793.999959114E-9,-2.0000001E-3,
,,,-791.999980265E-9,0.0,
,,,-790.000001416E-9,0.0,
,,,-787.999965723E-9,0.0,
,,,-785.999986874E-9,-2.0000001E-3,
,,,-784.000008025E-9,-2.0000001E-3,
,,,-781.999972332E-9,0.0,
,,,-779.999993483E-9,-4.00000019E-3,
,,,-777.999957791E-9,-2.0000001E-3,
,,,-775.999978941E-9,-2.0000001E-3,
,,,-774.000000092E-9,-2.0000001E-3,
,,,-771.999964400E-9,0.0,
,,,-769.999985550E-9,-2.0000001E-3,
,,,-768.000006701E-9,-4.00000019E-3,
,,,-765.999971009E-9,-4.00000019E-3,
,,,-763.999992159E-9,0.0,
,,,-762.000013310E-9,-2.0000001E-3,
,,,-759.999977618E-9,0.0,
,,,-757.999998768E-9,0.0,
,,,-755.999963076E-9,0.0,
,,,-753.999984227E-9,-4.00000019E-3,
,,,-752.000005377E-9,-2.0000001E-3,
,,,-749.999969685E-9,0.0,
,,,-747.999990836E-9,2.0000001E-3,
,,,-746.000011986E-9,-2.0000001E-3,
,,,-743.999976294E-9,0.0,
,,,-741.999997445E-9,0.0,
,,,-739.999961752E-9,0.0,
,,,-737.999982903E-9,0.0,
,,,-736.000004053E-9,-2.0000001E-3,
,,,-733.999968361E-9,-2.0000001E-3,
,,,-731.999989512E-9,0.0,
,,,-730.000010662E-9,-2.0000001E-3,
,,,-727.999974970E-9,-2.0000001E-3,
,,,-725.999996121E-9,-2.0000001E-3,
,,,-723.999960428E-9,-2.0000001E-3,
,,,-721.999981579E-9,-2.0000001E-3,
,,,-720.000002730E-9,-2.0000001E-3,
,,,-717.999967037E-9,-2.0000001E-3,
,,,-715.999988188E-9,-2.0000001E-3,
,,,-714.000009339E-9,-2.0000001E-3,
,,,-711.999973646E-9,-4.00000019E-3,
,,,-709.999994797E-9,0.0,
,,,-708.000015948E-9,-2.0000001E-3,
,,,-705.999980255E-9,-4.00000019E-3,
,,,-704.000001406E-9,-4.00000019E-3,
,,,-701.999965713E-9,-2.0000001E-3,
,,,-699.999986864E-9,-2.0000001E-3,
,,,-698.000008015E-9,-2.0000001E-3,
,,,-695.999972322E-9,-4.00000019E-3,
,,,-693.999993473E-9,0.0,
,,,-692.000014624E-9,-2.0000001E-3,
,,,-689.999978931E-9,0.0,
,,,-688.000000082E-9,-4.00000019E-3,
,,,-685.999964389E-9,-2.0000001E-3,
,,,-683.999985540E-9,-4.00000019E-3,
,,,-682.000006691E-9,0.0,
,,,-679.999970998E-9,2.0000001E-3,
,,,-677.999992149E-9,0.0,
,,,-676.000013300E-9,0.0,
,,,-673.999977607E-9,-4.00000019E-3,
,,,-671.999998758E-9,-2.0000001E-3,
,,,-669.999963065E-9,-2.0000001E-3,
,,,-667.999984216E-9,-2.0000001E-3,
,,,-666.000005367E-9,-4.00000019E-3,
,,,-663.999969674E-9,-2.0000001E-3,
,,,-661.999990825E-9,-4.00000019E-3,
,,,-660.000011976E-9,-2.0000001E-3,
,,,-657.999976283E-9,-2.0000001E-3,
,,,-655.999997434E-9,0.0,
,,,-653.999961742E-9,2.0000001E-3,
,,,-651.999982892E-9,-2.0000001E-3,
,,,-650.000004043E-9,0.0,
,,,-647.999968351E-9,0.0,
,,,-645.999989501E-9,0.0,
,,,-644.000010652E-9,2.0000001E-3,
,,,-641.999974960E-9,-2.0000001E-3,
,,,-639.999996110E-9,-2.0000001E-3,
,,,-638.000017261E-9,0.0,
,,,-635.999981569E-9,-2.0000001E-3,
,,,-634.000002719E-9,-4.00000019E-3,
,,,-631.999967027E-9,-4.00000019E-3,
,,,-629.999988178E-9,-2.0000001E-3,
,,,-628.000009328E-9,0.0,
,,,-625.999973636E-9,-4.00000019E-3,
,,,-623.999994787E-9,-4.00000019E-3,
,,,-622.000015937E-9,-2.0000001E-3,
,,,-619.999980245E-9,-2.0000001E-3,
,,,-618.000001396E-9,0.0,
,,,-615.999965703E-9,0.0,
,,,-613.999986854E-9,-2.0000001E-3,
,,,-612.000008005E-9,-2.0000001E-3,
,,,-609.999972312E-9,-2.0000001E-3,
,,,-607.999993463E-9,-2.0000001E-3,
,,,-606.000014614E-9,-2.0000001E-3,
,,,-603.999978921E-9,-4.00000019E-3,
,,,-602.000000072E-9,-4.00000019E-3,
,,,-599.999964379E-9,0.0,
,,,-597.999985530E-9,-2.0000001E-3,
,,,-596.000006681E-9,-2.0000001E-3,
,,,-593.999970988E-9,0.0,
,,,-591.999992139E-9,-2.0000001E-3,
,,,-590.000013290E-9,-2.0000001E-3,
,,,-587.999977597E-9,-2.0000001E-3,
,,,-585.999998748E-9,-2.0000001E-3,
,,,-583.999963055E-9,0.0,
,,,-581.999984206E-9,-2.0000001E-3,
,,,-580.000005357E-9,0.0,
,,,-577.999969664E-9,-2.0000001E-3,
,,,-575.999990815E-9,-2.0000001E-3,
,,,-574.000011966E-9,-2.0000001E-3,
,,,-571.999976273E-9,-2.0000001E-3,
,,,-569.999997424E-9,-2.0000001E-3,
,,,-568.000018575E-9,-2.0000001E-3,
,,,-565.999982882E-9,0.0,
,,,-564.000004033E-9,-2.0000001E-3,
,,,-561.999968340E-9,0.0,
,,,-559.999989491E-9,0.0,
,,,-558.000010642E-9,0.0,
,,,-555.999974949E-9,-2.0000001E-3,
,,,-553.999996100E-9,-2.0000001E-3,
,,,-552.000017251E-9,-2.0000001E-3,
,,,-549.999981558E-9,2.0000001E-3,
,,,-548.000002709E-9,0.0,
,,,-545.999967017E-9,0.0,
,,,-543.999988167E-9,2.0000001E-3,
,,,-542.000009318E-9,0.0,
,,,-539.999973626E-9,-2.0000001E-3,
,,,-537.999994776E-9,-2.0000001E-3,
,,,-536.000015927E-9,-2.0000001E-3,
,,,-533.999980235E-9,0.0,
,,,-532.000001385E-9,0.0,
,,,-529.999965693E-9,-2.0000001E-3,
,,,-527.999986843E-9,-2.0000001E-3,
,,,-526.000007994E-9,-2.0000001E-3,
,,,-523.999972302E-9,0.0,
,,,-521.999993452E-9,-2.0000001E-3,
,,,-520.000014603E-9,-2.0000001E-3,
,,,-517.999978911E-9,0.0,
,,,-516.000000061E-9,-2.0000001E-3,
,,,-514.000021212E-9,0.0,
,,,-511.999985520E-9,0.0,
,,,-510.000006670E-9,0.0,
,,,-507.999970978E-9,-2.0000001E-3,
,,,-505.999992129E-9,-2.0000001E-3,
,,,-504.000013279E-9,-2.0000001E-3,
,,,-501.999977587E-9,-2.0000001E-3,
,,,-499.999998738E-9,2.0000001E-3,
,,,-498.000019888E-9,-4.00000019E-3,
,,,-495.999984196E-9,-2.0000001E-3,
,,,-494.000005347E-9,-4.00000019E-3,
,,,-491.999969654E-9,0.0,
,,,-489.999990805E-9,-2.0000001E-3,
,,,-488.000011956E-9,-2.0000001E-3,
,,,-485.999976263E-9,-2.0000001E-3,
,,,-483.999997414E-9,-2.0000001E-3,
,,,-482.000018565E-9,0.0,
,,,-479.999982872E-9,0.0,
,,,-478.000004023E-9,0.0,
,,,-475.999996752E-9,-2.0000001E-3,
,,,-473.999989481E-9,-2.0000001E-3,
,,,-471.999982210E-9,-4.00000019E-3,
,,,-470.000003361E-9,-2.0000001E-3,
,,,-467.999996090E-9,-2.0000001E-3,
,,,-465.999988819E-9,-2.0000001E-3,
,,,-463.999981548E-9,-2.0000001E-3,
,,,-462.000002699E-9,-2.0000001E-3,
,,,-459.999995428E-9,-2.0000001E-3,
,,,-457.999988157E-9,0.0,
,,,-455.999980886E-9,0.0,
,,,-454.000002037E-9,-2.0000001E-3,
,,,-451.999994766E-9,0.0,
,,,-449.999987495E-9,-2.0000001E-3,
,,,-448.000008646E-9,-2.0000001E-3,
,,,-446.000001375E-9,2.0000001E-3,
,,,-443.999994104E-9,-2.0000001E-3,
,,,-441.999986833E-9,-2.0000001E-3,
,,,-440.000007984E-9,0.0,
,,,-438.000000713E-9,-2.0000001E-3,
,,,-435.999993442E-9,-4.00000019E-3,
,,,-433.999986171E-9,-4.00000019E-3,
,,,-432.000007322E-9,0.0,
,,,-430.000000051E-9,-2.0000001E-3,
,,,-427.999992780E-9,-2.0000001E-3,
,,,-425.999985509E-9,-4.00000019E-3,
,,,-424.000006660E-9,-2.0000001E-3,
,,,-421.999999389E-9,0.0,
,,,-419.999992118E-9,0.0,
,,,-417.999984847E-9,0.0,
,,,-416.000005998E-9,-2.0000001E-3,
,,,-413.999998727E-9,-2.0000001E-3,
,,,-411.999991456E-9,-2.0000001E-3,
,,,-409.999984186E-9,-4.00000019E-3,
,,,-408.000005336E-9,-2.0000001E-3,
,,,-405.999998065E-9,-4.00000019E-3,
,,,-403.999990795E-9,-2.0000001E-3,
,,,-401.99998352E-9,2.0000001E-3,
,,,-400.00000467E-9,-2.0000001E-3,
,,,-397.99999740E-9,-2.0000001E-3,
,,,-395.99999013E-9,2.0000001E-3,
,,,-393.99998286E-9,-2.0000001E-3,
,,,-392.00000401E-9,-2.0000001E-3,
,,,-389.99999674E-9,-2.0000001E-3,
,,,-387.99998947E-9,-2.0000001E-3,
,,,-386.00001062E-9,0.0,
,,,-384.00000335E-9,-2.0000001E-3,
,,,-381.99999608E-9,-2.0000001E-3,
,,,-379.99998881E-9,0.0,
,,,-378.00000996E-9,-2.0000001E-3,
,,,-376.00000269E-9,-2.0000001E-3,
,,,-373.99999542E-9,-2.0000001E-3,
,,,-371.99998815E-9,-2.0000001E-3,
,,,-370.00000930E-9,-2.0000001E-3,
,,,-368.00000203E-9,0.0,
,,,-365.99999476E-9,-2.0000001E-3,
,,,-363.99998748E-9,0.0,
,,,-362.00000864E-9,-2.0000001E-3,
,,,-360.00000136E-9,-2.0000001E-3,
,,,-357.99999409E-9,-4.00000019E-3,
,,,-355.99998682E-9,-2.0000001E-3,
,,,-354.00000797E-9,0.0,
,,,-352.00000070E-9,0.0,
,,,-349.99999343E-9,0.0,
,,,-347.99998616E-9,-2.0000001E-3,
,,,-346.00000731E-9,0.0,
,,,-344.00000004E-9,-2.0000001E-3,
,,,-341.99999277E-9,-2.0000001E-3,
,,,-339.99998550E-9,-2.0000001E-3,
,,,-338.00000665E-9,-2.0000001E-3,
,,,-335.99999938E-9,0.0,
,,,-333.99999211E-9,-2.0000001E-3,
,,,-331.99998484E-9,-4.00000019E-3,
,,,-330.00000599E-9,-4.00000019E-3,
,,,-327.99999872E-9,-2.0000001E-3,
,,,-325.99999145E-9,-2.0000001E-3,
,,,-323.99998418E-9,-2.0000001E-3,
,,,-322.00000533E-9,-4.00000019E-3,
,,,-319.99999806E-9,2.0000001E-3,
,,,-317.99999078E-9,-2.0000001E-3,
,,,-316.00001194E-9,-4.00000019E-3,
,,,-314.00000466E-9,0.0,
,,,-311.99999739E-9,-2.0000001E-3,
,,,-309.99999012E-9,-4.00000019E-3,
,,,-308.00001127E-9,-2.0000001E-3,
,,,-306.00000400E-9,-4.00000019E-3,
,,,-303.99999673E-9,-2.0000001E-3,
,,,-301.99998946E-9,-2.0000001E-3,
,,,-300.00001061E-9,-2.0000001E-3,
,,,-298.00000334E-9,-2.0000001E-3,
,,,-295.99999607E-9,-2.0000001E-3,
,,,-293.99998880E-9,0.0,
,,,-292.00000995E-9,-4.00000019E-3,
,,,-290.00000268E-9,-2.0000001E-3,
,,,-287.99999541E-9,-2.0000001E-3,
,,,-285.99998814E-9,0.0,
,,,-284.00000929E-9,0.0,
,,,-282.00000202E-9,0.0,
,,,-279.99999475E-9,-2.0000001E-3,
,,,-277.99998747E-9,-2.0000001E-3,
,,,-276.00000863E-9,-2.0000001E-3,
,,,-274.00000135E-9,-2.0000001E-3,
,,,-271.99999408E-9,-4.00000019E-3,
,,,-269.99998681E-9,-4.00000019E-3,
,,,-268.00000796E-9,-4.00000019E-3,
,,,-266.00000069E-9,-2.0000001E-3,
,,,-263.99999342E-9,0.0,
,,,-261.99998615E-9,-2.0000001E-3,
,,,-260.00000730E-9,0.0,
,,,-258.00000003E-9,0.0,
,,,-255.99999276E-9,0.0,
,,,-254.00001391E-9,2.0000001E-3,
,,,-252.00000664E-9,-4.00000019E-3,
,,,-249.99999937E-9,-4.00000019E-3,
,,,-247.99999210E-9,0.0,
,,,-246.00001325E-9,-4.00000019E-3,
,,,-244.00000598E-9,-2.0000001E-3,
,,,-241.99999871E-9,2.0000001E-3,
,,,-239.99999144E-9,-2.0000001E-3,
,,,-237.99999838E-9,-4.00000019E-3,
,,,-236.00000532E-9,-2.0000001E-3,
,,,-233.99999804E-9,-2.0000001E-3,
,,,-232.00000498E-9,-2.0000001E-3,
,,,-229.99999771E-9,0.0,
,,,-228.00000465E-9,-2.0000001E-3,
,,,-225.99999738E-9,-4.00000019E-3,
,,,-224.00000432E-9,-4.00000019E-3,
,,,-221.99999705E-9,-2.0000001E-3,
,,,-220.00000399E-9,-2.0000001E-3,
,,,-217.99999672E-9,-2.0000001E-3,
,,,-216.00000366E-9,-4.00000019E-3,
,,,-213.99999639E-9,-2.0000001E-3,
,,,-212.00000333E-9,-2.0000001E-3,
,,,-209.99999606E-9,-2.0000001E-3,
,,,-208.00000300E-9,-4.00000019E-3,
,,,-205.99999573E-9,-2.0000001E-3,
,,,-204.00000267E-9,0.0,
,,,-201.99999540E-9,-2.0000001E-3,
,,,-200.00000234E-9,0.0,
,,,-197.99999507E-9,2.0000001E-3,
,,,-196.00000201E-9,0.0,
,,,-194.00000895E-9,-2.0000001E-3,
,,,-192.00000168E-9,0.0,
,,,-190.00000862E-9,-2.0000001E-3,
,,,-188.00000134E-9,-2.0000001E-3,
,,,-186.00000828E-9,-2.0000001E-3,
,,,-184.00000101E-9,-2.0000001E-3,
,,,-182.00000795E-9,-2.0000001E-3,
,,,-180.00000068E-9,-2.0000001E-3,
,,,-178.00000762E-9,-2.0000001E-3,
,,,-176.00000035E-9,-2.0000001E-3,
,,,-174.00000729E-9,-2.0000001E-3,
,,,-172.00000002E-9,0.0,
,,,-170.00000696E-9,-2.0000001E-3,
,,,-167.99999969E-9,-2.0000001E-3,
,,,-166.00000663E-9,-2.0000001E-3,
,,,-163.99999936E-9,-2.0000001E-3,
,,,-162.00000630E-9,-4.00000019E-3,
,,,-159.99999903E-9,-2.0000001E-3,
,,,-158.00000597E-9,-2.0000001E-3,
,,,-155.99999870E-9,-2.0000001E-3,
,,,-154.00000564E-9,0.0,
,,,-151.99999837E-9,0.0,
,,,-150.00000531E-9,-2.0000001E-3,
,,,-147.9999980E-9,0.0,
,,,-146.0000050E-9,-2.0000001E-3,
,,,-143.9999977E-9,0.0,
,,,-142.0000046E-9,0.0,
,,,-139.9999974E-9,-4.00000019E-3,
,,,-138.0000043E-9,0.0,
,,,-135.9999970E-9,0.0,
,,,-134.0000040E-9,-2.0000001E-3,
,,,-131.9999967E-9,-2.0000001E-3,
,,,-130.0000037E-9,-2.0000001E-3,
,,,-128.0000106E-9,-2.0000001E-3,
,,,-126.0000033E-9,-4.00000019E-3,
,,,-124.0000103E-9,0.0,
,,,-122.0000030E-9,0.0,
,,,-120.0000099E-9,-4.00000019E-3,
,,,-118.0000027E-9,-4.00000019E-3,
,,,-116.0000025E-9,2.0000001E-3,
,,,-114.0000023E-9,0.0,
,,,-112.0000022E-9,-2.0000001E-3,
,,,-110.0000020E-9,-2.0000001E-3,
,,,-108.0000018E-9,-2.0000001E-3,
,,,-106.0000017E-9,-2.0000001E-3,
,,,-104.0000015E-9,0.0,
,,,-102.0000013E-9,-2.0000001E-3,
,,,-100.0000083E-9,0.0,
,,,-98.000008109E-9,-4.00000019E-3,
,,,-96.000007943E-9,0.0,
,,,-94.000007778E-9,-4.00000019E-3,
,,,-92.000007612E-9,-2.0000001E-3,
,,,-90.000007447E-9,-4.00000019E-3,
,,,-88.000007281E-9,2.0000001E-3,
,,,-86.000007116E-9,-2.0000001E-3,
,,,-84.000006950E-9,0.0,
,,,-82.000006785E-9,-2.0000001E-3,
,,,-80.000006619E-9,-2.0000001E-3,
,,,-78.000006454E-9,-2.0000001E-3,
,,,-76.000006288E-9,-2.0000001E-3,
,,,-74.000006123E-9,-2.0000001E-3,
,,,-72.000005957E-9,-2.0000001E-3,
,,,-70.000005792E-9,-4.00000019E-3,
,,,-68.000005626E-9,-2.0000001E-3,
,,,-66.000005461E-9,-2.0000001E-3,
,,,-64.000005295E-9,-2.0000001E-3,
,,,-62.000005130E-9,0.0,
,,,-60.000004964E-9,-2.0000001E-3,
,,,-58.000004799E-9,-2.0000001E-3,
,,,-56.000004633E-9,2.0000001E-3,
,,,-54.00000447E-9,0.0,
,,,-52.00000430E-9,0.0,
,,,-50.00000769E-9,0.0,
,,,-48.00000752E-9,-2.0000001E-3,
,,,-46.00000736E-9,-2.0000001E-3,
,,,-44.00000719E-9,0.0,
,,,-42.00000703E-9,-2.0000001E-3,
,,,-40.00000686E-9,-2.0000001E-3,
,,,-38.00000670E-9,-2.0000001E-3,
,,,-36.00000653E-9,-2.0000001E-3,
,,,-34.00000637E-9,-2.0000001E-3,
,,,-32.00000620E-9,-2.0000001E-3,
,,,-30.00000603E-9,-2.0000001E-3,
,,,-28.00000587E-9,-2.0000001E-3,
,,,-26.00000748E-9,-2.0000001E-3,
,,,-24.00000731E-9,0.0,
,,,-22.00000715E-9,2.0000001E-3,
,,,-20.0000070E-9,0.0,
,,,-18.0000068E-9,0.0,
,,,-16.0000067E-9,-2.0000001E-3,
,,,-14.0000074E-9,-2.0000001E-3,
,,,-12.0000072E-9,0.0,
,,,-10.0000070E-9,-2.0000001E-3,
,,,-8.000007767E-9,-2.0000001E-3,
,,,-6.00000760E-9,0.0,
,,,-4.00000744E-9,0.0,
,,,-2.0000075E-9,0.0,
,,,-7.549516469E-15,2.0000001E-3,
,,,1.9999924E-9,-4.00000019E-3,
,,,3.99999234E-9,-4.00000019E-3,
,,,5.99999250E-9,-2.0000001E-3,
,,,7.999991780E-9,-2.0000001E-3,
,,,9.999991946E-9,0.0,
,,,11.9999921E-9,-4.00000019E-3,
,,,13.9999923E-9,-4.00000019E-3,
,,,15.9999924E-9,-4.00000019E-3,
,,,17.9999926E-9,0.0,
,,,19.9999910E-9,-2.0000001E-3,
,,,21.99999116E-9,0.0,
,,,23.99999133E-9,-2.0000001E-3,
,,,25.99999149E-9,0.0,
,,,27.99999166E-9,0.0,
,,,29.99999182E-9,-2.0000001E-3,
,,,31.99999199E-9,0.0,
,,,33.99999216E-9,0.0,
,,,35.99999232E-9,-2.0000001E-3,
,,,37.99999249E-9,-2.0000001E-3,
,,,39.99999265E-9,-4.00000019E-3,
,,,41.99999282E-9,2.0000001E-3,
,,,43.99998943E-9,0.0,
,,,45.99998960E-9,0.0,
,,,47.99998976E-9,0.0,
,,,49.99998993E-9,0.0,
,,,51.99999009E-9,0.0,
,,,53.99999026E-9,0.0,
,,,55.999990423E-9,0.0,
,,,57.999990588E-9,0.0,
,,,59.999990754E-9,2.0000001E-3,
,,,61.999990919E-9,-2.0000001E-3,
,,,63.999991085E-9,-2.0000001E-3,
,,,65.999991250E-9,0.0,
,,,67.999991415E-9,-2.0000001E-3,
,,,69.999991581E-9,-4.00000019E-3,
,,,71.999991746E-9,-2.0000001E-3,
,,,73.999991912E-9,-2.0000001E-3,
,,,75.999992077E-9,2.0000001E-3,
,,,77.999992243E-9,0.0,
,,,79.999992408E-9,0.0,
,,,81.999992574E-9,2.0000001E-3,
,,,83.999992739E-9,0.0,
,,,85.999992905E-9,-2.0000001E-3,
,,,87.999993070E-9,-4.00000019E-3,
,,,89.999993236E-9,-2.0000001E-3,
,,,91.999993401E-9,0.0,
,,,93.999986461E-9,-2.0000001E-3,
,,,95.999986627E-9,0.0,
,,,97.999986792E-9,0.0,
,,,99.999986958E-9,-2.0000001E-3,
,,,101.9999871E-9,0.0,
,,,103.9999873E-9,-2.0000001E-3,
,,,105.9999875E-9,0.0,
,,,107.9999876E-9,-2.0000001E-3,
,,,109.9999878E-9,0.0,
,,,111.9999880E-9,0.0,
,,,113.9999881E-9,0.0,
,,,115.9999883E-9,0.0,
,,,117.9999884E-9,-2.0000001E-3,
,,,119.9999957E-9,-2.0000001E-3,
,,,121.9999888E-9,-2.0000001E-3,
,,,123.9999960E-9,-2.0000001E-3,
,,,125.9999891E-9,-4.00000019E-3,
,,,127.9999822E-9,-2.0000001E-3,
,,,129.9999894E-9,-4.00000019E-3,
,,,131.9999825E-9,-2.0000001E-3,
,,,133.9999898E-9,0.0,
,,,135.9999828E-9,-2.0000001E-3,
,,,137.9999901E-9,0.0,
,,,139.9999832E-9,-2.0000001E-3,
,,,141.9999904E-9,2.0000001E-3,
,,,143.9999835E-9,0.0,
,,,145.9999908E-9,-2.0000001E-3,
,,,147.9999838E-9,0.0,
,,,149.99999109E-9,-4.00000019E-3,
,,,151.99998415E-9,0.0,
,,,153.99999143E-9,0.0,
,,,155.99998449E-9,-2.0000001E-3,
,,,157.99999176E-9,-4.00000019E-3,
,,,159.99998482E-9,0.0,
,,,161.99999209E-9,0.0,
,,,163.99998515E-9,0.0,
,,,165.99999242E-9,-4.00000019E-3,
,,,167.99998548E-9,-2.0000001E-3,
,,,169.99999275E-9,-4.00000019E-3,
,,,171.99998581E-9,-2.0000001E-3,
,,,173.99999308E-9,-2.0000001E-3,
,,,175.99998614E-9,0.0,
,,,177.99999341E-9,0.0,
,,,179.99998647E-9,-2.0000001E-3,
,,,181.99999374E-9,-2.0000001E-3,
,,,183.99998680E-9,0.0,
,,,185.99999407E-9,-4.00000019E-3,
,,,187.99998713E-9,-2.0000001E-3,
,,,189.99998019E-9,-2.0000001E-3,
,,,191.99998746E-9,-2.0000001E-3,
,,,193.99998052E-9,-2.0000001E-3,
,,,195.99998780E-9,0.0,
,,,197.99998086E-9,2.0000001E-3,
,,,199.99998813E-9,-2.0000001E-3,
,,,201.99998119E-9,0.0,
,,,203.99998846E-9,-2.0000001E-3,
,,,205.99998152E-9,0.0,
,,,207.99998879E-9,0.0,
,,,209.99998185E-9,-2.0000001E-3,
,,,211.99998912E-9,-4.00000019E-3,
,,,213.99998218E-9,-2.0000001E-3,
,,,215.99998945E-9,-2.0000001E-3,
,,,217.99998251E-9,0.0,
,,,219.99998978E-9,0.0,
,,,221.99998284E-9,0.0,
,,,223.99999011E-9,-2.0000001E-3,
,,,225.99998317E-9,2.0000001E-3,
,,,227.99999044E-9,-2.0000001E-3,
,,,229.99998350E-9,-2.0000001E-3,
,,,231.99999077E-9,0.0,
,,,233.99998383E-9,0.0,
,,,235.99999111E-9,-2.0000001E-3,
,,,237.99998417E-9,0.0,
,,,239.99999144E-9,0.0,
,,,241.99999871E-9,0.0,
,,,243.99997756E-9,-2.0000001E-3,
,,,245.99998483E-9,0.0,
,,,247.99999210E-9,2.0000001E-3,
,,,249.99999937E-9,-2.0000001E-3,
,,,251.99997822E-9,-2.0000001E-3,
,,,253.99998549E-9,-2.0000001E-3,
,,,255.99999276E-9,-4.00000019E-3,
,,,257.99997161E-9,0.0,
,,,259.99997888E-9,-2.0000001E-3,
,,,261.99998615E-9,-2.0000001E-3,
,,,263.99999342E-9,0.0,
,,,265.99997227E-9,-4.00000019E-3,
,,,267.99997954E-9,-2.0000001E-3,
,,,269.99998681E-9,-2.0000001E-3,
,,,271.99999408E-9,-2.0000001E-3,
,,,273.99997293E-9,2.0000001E-3,
,,,275.99998020E-9,0.0,
,,,277.99998747E-9,0.0,
,,,279.99999475E-9,2.0000001E-3,
,,,281.99997359E-9,0.0,
,,,283.99998087E-9,0.0,
,,,285.99998814E-9,-2.0000001E-3,
,,,287.99999541E-9,-4.00000019E-3,
,,,289.99997426E-9,-2.0000001E-3,
,,,291.99998153E-9,2.0000001E-3,
,,,293.99998880E-9,-4.00000019E-3,
,,,295.99999607E-9,0.0,
,,,297.99997492E-9,-2.0000001E-3,
,,,299.99998219E-9,2.0000001E-3,
,,,301.99998946E-9,0.0,
,,,303.99999673E-9,0.0,
,,,305.99997558E-9,-2.0000001E-3,
,,,307.99998285E-9,0.0,
,,,309.99999012E-9,0.0,
,,,311.99999739E-9,-2.0000001E-3,
,,,313.99997624E-9,-2.0000001E-3,
,,,315.99998351E-9,-2.0000001E-3,
,,,317.99999078E-9,-4.00000019E-3,
,,,319.99996963E-9,0.0,
,,,321.99997690E-9,-2.0000001E-3,
,,,323.99998418E-9,0.0,
,,,325.99999145E-9,-4.00000019E-3,
,,,327.99997030E-9,-4.00000019E-3,
,,,329.99997757E-9,0.0,
,,,331.99998484E-9,-2.0000001E-3,
,,,333.99999211E-9,-2.0000001E-3,
,,,335.99997096E-9,-2.0000001E-3,
,,,337.99997823E-9,-2.0000001E-3,
,,,339.99998550E-9,0.0,
,,,341.99999277E-9,0.0,
,,,343.99997162E-9,-2.0000001E-3,
,,,345.99997889E-9,2.0000001E-3,
,,,347.99998616E-9,-2.0000001E-3,
,,,349.99999343E-9,-2.0000001E-3,
,,,351.99997228E-9,0.0,
,,,353.99997955E-9,-2.0000001E-3,
,,,355.99998682E-9,-2.0000001E-3,
,,,357.99999409E-9,-2.0000001E-3,
,,,359.99997294E-9,-2.0000001E-3,
,,,361.99998021E-9,-2.0000001E-3,
,,,363.99998748E-9,-2.0000001E-3,
,,,365.99999476E-9,0.0,
,,,367.99997361E-9,0.0,
,,,369.99998088E-9,-2.0000001E-3,
,,,371.99998815E-9,0.0,
,,,373.99999542E-9,-2.0000001E-3,
,,,375.99997427E-9,-2.0000001E-3,
,,,377.99998154E-9,-4.00000019E-3,
,,,379.99998881E-9,-2.0000001E-3,
,,,381.99996766E-9,-2.0000001E-3,
,,,383.99997493E-9,-2.0000001E-3,
,,,385.99998220E-9,-4.00000019E-3,
,,,387.99998947E-9,-2.0000001E-3,
,,,389.99996832E-9,0.0,
,,,391.99997559E-9,0.0,
,,,393.99998286E-9,-2.0000001E-3,
,,,395.99999013E-9,0.0,
,,,397.99996898E-9,-2.0000001E-3,
,,,399.99997625E-9,-2.0000001E-3,
,,,401.99998352E-9,-2.0000001E-3,
,,,403.999990795E-9,-2.0000001E-3,
,,,405.999969644E-9,0.0,
,,,407.999976915E-9,0.0,
,,,409.999984186E-9,-2.0000001E-3,
,,,411.999991456E-9,-4.00000019E-3,
,,,413.999970306E-9,-4.00000019E-3,
,,,415.999977577E-9,-2.0000001E-3,
,,,417.999984847E-9,-2.0000001E-3,
,,,419.999992118E-9,-2.0000001E-3,
,,,421.999970968E-9,0.0,
,,,423.999978238E-9,2.0000001E-3,
,,,425.999985509E-9,-2.0000001E-3,
,,,427.999992780E-9,0.0,
,,,429.999971630E-9,0.0,
,,,431.999978900E-9,-2.0000001E-3,
,,,433.999986171E-9,-4.00000019E-3,
,,,435.999993442E-9,-2.0000001E-3,
,,,437.999972291E-9,-2.0000001E-3,
,,,439.999979562E-9,0.0,
,,,441.999986833E-9,-2.0000001E-3,
,,,443.999965682E-9,-2.0000001E-3,
,,,445.999972953E-9,2.0000001E-3,
,,,447.999980224E-9,-2.0000001E-3,
,,,449.999987495E-9,-2.0000001E-3,
,,,451.999966344E-9,-2.0000001E-3,
,,,453.999973615E-9,-2.0000001E-3,
,,,455.999980886E-9,0.0,
,,,457.999988157E-9,0.0,
,,,459.999967006E-9,0.0,
,,,461.999974277E-9,-2.0000001E-3,
,,,463.999981548E-9,-2.0000001E-3,
,,,465.999988819E-9,-2.0000001E-3,
,,,467.999967668E-9,-2.0000001E-3,
,,,469.999974939E-9,0.0,
,,,471.999982210E-9,2.0000001E-3,
,,,473.999989481E-9,-2.0000001E-3,
,,,475.999968330E-9,-2.0000001E-3,
,,,478.000004023E-9,0.0,
,,,479.999982872E-9,0.0,
,,,481.999961721E-9,-2.0000001E-3,
,,,483.999997414E-9,-2.0000001E-3,
,,,485.999976263E-9,-2.0000001E-3,
,,,487.999955112E-9,-2.0000001E-3,
,,,489.999990805E-9,0.0,
,,,491.999969654E-9,-2.0000001E-3,
,,,494.000005347E-9,0.0,
,,,495.999984196E-9,-4.00000019E-3,
,,,497.999963045E-9,0.0,
,,,499.999998738E-9,0.0,
,,,501.999977587E-9,-2.0000001E-3,
,,,503.999956436E-9,-2.0000001E-3,
,,,505.999992129E-9,0.0,
,,,507.999970978E-9,0.0,
,,,509.999949827E-9,0.0,
,,,511.999985520E-9,-4.00000019E-3,
,,,513.999964369E-9,-2.0000001E-3,
,,,516.000000061E-9,-2.0000001E-3,
,,,517.999978911E-9,-2.0000001E-3,
,,,519.999957760E-9,-2.0000001E-3,
,,,521.999993452E-9,-4.00000019E-3,
,,,523.999972302E-9,-2.0000001E-3,
,,,525.999951151E-9,-2.0000001E-3,
,,,527.999986843E-9,0.0,
,,,529.999965693E-9,-2.0000001E-3,
,,,532.000001385E-9,0.0,
,,,533.999980235E-9,0.0,
,,,535.999959084E-9,0.0,
,,,537.999994776E-9,2.0000001E-3,
,,,539.999973626E-9,0.0,
,,,541.999952475E-9,0.0,
,,,543.999988167E-9,2.0000001E-3,
,,,545.999967017E-9,-2.0000001E-3,
,,,548.000002709E-9,-2.0000001E-3,
,,,549.999981558E-9,0.0,
,,,551.999960408E-9,0.0,
,,,553.999996100E-9,-4.00000019E-3,
,,,555.999974949E-9,0.0,
,,,557.999953799E-9,0.0,
,,,559.999989491E-9,-2.0000001E-3,
,,,561.999968340E-9,2.0000001E-3,
,,,564.000004033E-9,-2.0000001E-3,
,,,565.999982882E-9,-2.0000001E-3,
,,,567.999961731E-9,-2.0000001E-3,
,,,569.999997424E-9,-2.0000001E-3,
,,,571.999976273E-9,0.0,
,,,573.999955122E-9,-2.0000001E-3,
,,,575.999990815E-9,-2.0000001E-3,
,,,577.999969664E-9,-2.0000001E-3,
,,,579.999948513E-9,-2.0000001E-3,
,,,581.999984206E-9,-2.0000001E-3,
,,,583.999963055E-9,-4.00000019E-3,
,,,585.999998748E-9,-4.00000019E-3,
,,,587.999977597E-9,2.0000001E-3,
,,,589.999956446E-9,0.0,
,,,591.999992139E-9,-2.0000001E-3,
,,,593.999970988E-9,2.0000001E-3,
,,,595.999949837E-9,-2.0000001E-3,
,,,597.999985530E-9,-2.0000001E-3,
,,,599.999964379E-9,-2.0000001E-3,
,,,602.000000072E-9,-2.0000001E-3,
,,,603.999978921E-9,-2.0000001E-3,
,,,605.999957770E-9,-2.0000001E-3,
,,,607.999993463E-9,0.0,
,,,609.999972312E-9,-2.0000001E-3,
,,,611.999951161E-9,-2.0000001E-3,
,,,613.999986854E-9,-2.0000001E-3,
,,,615.999965703E-9,0.0,
,,,618.000001396E-9,-2.0000001E-3,
,,,619.999980245E-9,-4.00000019E-3,
,,,621.999959094E-9,0.0,
,,,623.999994787E-9,0.0,
,,,625.999973636E-9,0.0,
,,,627.999952485E-9,0.0,
,,,629.999988178E-9,-2.0000001E-3,
,,,631.999967027E-9,-2.0000001E-3,
,,,634.000002719E-9,-2.0000001E-3,
,,,635.999981569E-9,-2.0000001E-3,
,,,637.999960418E-9,2.0000001E-3,
,,,639.999996110E-9,0.0,
,,,641.999974960E-9,0.0,
,,,643.999953809E-9,0.0,
,,,645.999989501E-9,-2.0000001E-3,
,,,647.999968351E-9,-2.0000001E-3,
,,,649.999947200E-9,-2.0000001E-3,
,,,651.999982892E-9,-4.00000019E-3,
,,,653.999961742E-9,-2.0000001E-3,
,,,655.999997434E-9,-2.0000001E-3,
,,,657.999976283E-9,-2.0000001E-3,
,,,659.999955133E-9,-4.00000019E-3,
,,,661.999990825E-9,-4.00000019E-3,
,,,663.999969674E-9,0.0,
,,,665.999948524E-9,-2.0000001E-3,
,,,667.999984216E-9,-2.0000001E-3,
,,,669.999963065E-9,2.0000001E-3,
,,,671.999998758E-9,-2.0000001E-3,
,,,673.999977607E-9,-2.0000001E-3,
,,,675.999956457E-9,2.0000001E-3,
,,,677.999992149E-9,-2.0000001E-3,
,,,679.999970998E-9,-2.0000001E-3,
,,,681.999949848E-9,-4.00000019E-3,
,,,683.999985540E-9,-4.00000019E-3,
,,,685.999964389E-9,-2.0000001E-3,
,,,688.000000082E-9,0.0,
,,,689.999978931E-9,-4.00000019E-3,
,,,691.999957780E-9,-2.0000001E-3,
,,,693.999993473E-9,-2.0000001E-3,
,,,695.999972322E-9,0.0,
,,,697.999951171E-9,-4.00000019E-3,
,,,699.999986864E-9,-2.0000001E-3,
,,,701.999965713E-9,-4.00000019E-3,
,,,703.999944562E-9,-2.0000001E-3,
,,,705.999980255E-9,-2.0000001E-3,
,,,707.999959104E-9,0.0,
,,,709.999994797E-9,-2.0000001E-3,
,,,711.999973646E-9,-2.0000001E-3,
,,,713.999952495E-9,-2.0000001E-3,
,,,715.999988188E-9,-2.0000001E-3,
,,,717.999967037E-9,-4.00000019E-3,
,,,719.999945886E-9,-4.00000019E-3,
,,,721.999981579E-9,-2.0000001E-3,
,,,723.999960428E-9,0.0,
,,,725.999996121E-9,0.0,
,,,727.999974970E-9,0.0,
,,,729.999953819E-9,0.0,
,,,731.999989512E-9,0.0,
,,,733.999968361E-9,-4.00000019E-3,
,,,735.999947210E-9,0.0,
,,,737.999982903E-9,0.0,
,,,739.999961752E-9,-2.0000001E-3,
,,,741.999997445E-9,2.0000001E-3,
,,,743.999976294E-9,0.0,
,,,745.999955143E-9,-2.0000001E-3,
,,,747.999990836E-9,0.0,
,,,749.999969685E-9,-2.0000001E-3,
,,,751.999948534E-9,-2.0000001E-3,
,,,753.999984227E-9,-4.00000019E-3,
,,,755.999963076E-9,-2.0000001E-3,
,,,757.999998768E-9,-2.0000001E-3,
,,,759.999977618E-9,-2.0000001E-3,
,,,761.999956467E-9,-4.00000019E-3,
,,,763.999992159E-9,-2.0000001E-3,
,,,765.999971009E-9,-2.0000001E-3,
,,,767.999949858E-9,0.0,
,,,769.999985550E-9,0.0,
,,,771.999964400E-9,-2.0000001E-3,
,,,773.999943249E-9,-2.0000001E-3,
,,,775.999978941E-9,0.0,
,,,777.999957791E-9,-2.0000001E-3,
,,,779.999993483E-9,-4.00000019E-3,
,,,781.999972332E-9,-4.00000019E-3,
,,,783.999951182E-9,-2.0000001E-3,
,,,785.999986874E-9,2.0000001E-3,
,,,787.999965723E-9,-2.0000001E-3,
,,,789.999944573E-9,-2.0000001E-3,
,,,791.999980265E-9,0.0,
,,,793.999959114E-9,0.0,
,,,795.999994807E-9,0.0,
,,,797.999973656E-9,2.0000001E-3,
,,,799.999952505E-9,0.0,
,,,801.999988198E-9,-2.0000001E-3,
,,,803.999967047E-9,-2.0000001E-3,
,,,805.999945896E-9,-2.0000001E-3,
,,,807.999981589E-9,-2.0000001E-3,
,,,809.999960438E-9,-2.0000001E-3,
,,,811.999996131E-9,-2.0000001E-3,
,,,813.999974980E-9,-2.0000001E-3,
,,,815.999953829E-9,-2.0000001E-3,
,,,817.999989522E-9,-2.0000001E-3,
,,,819.999968371E-9,0.0,
,,,821.999947220E-9,0.0,
,,,823.999982913E-9,0.0,
,,,825.999961762E-9,2.0000001E-3,
,,,827.999997455E-9,-2.0000001E-3,
,,,829.999976304E-9,-2.0000001E-3,
,,,831.999955153E-9,-2.0000001E-3,
,,,833.999990846E-9,-2.0000001E-3,
,,,835.999969695E-9,2.0000001E-3,
,,,837.999948544E-9,0.0,
,,,839.999984237E-9,-2.0000001E-3,
,,,841.999963086E-9,0.0,
,,,843.999941935E-9,-2.0000001E-3,
,,,845.999977628E-9,-2.0000001E-3,
,,,847.999956477E-9,-2.0000001E-3,
,,,849.999992170E-9,-2.0000001E-3,
,,,851.999971019E-9,0.0,
,,,853.999949868E-9,-4.00000019E-3,
,,,855.999985561E-9,-2.0000001E-3,
,,,857.999964410E-9,-2.0000001E-3,
,,,859.999943259E-9,-4.00000019E-3,
,,,861.999978952E-9,-2.0000001E-3,
,,,863.999957801E-9,-2.0000001E-3,
,,,865.999993493E-9,-2.0000001E-3,
,,,867.999972343E-9,0.0,
,,,869.999951192E-9,-2.0000001E-3,
,,,871.999986884E-9,-2.0000001E-3,
,,,873.999965734E-9,-2.0000001E-3,
,,,875.999944583E-9,-2.0000001E-3,
,,,877.999980275E-9,-2.0000001E-3,
,,,879.999959125E-9,0.0,
,,,881.999994817E-9,-2.0000001E-3,
,,,883.999973667E-9,-2.0000001E-3,
,,,885.999952516E-9,-2.0000001E-3,
,,,887.999988208E-9,-2.0000001E-3,
,,,889.999967058E-9,-2.0000001E-3,
,,,891.999945907E-9,-2.0000001E-3,
,,,893.999981599E-9,0.0,
,,,895.999960449E-9,-2.0000001E-3,
,,,897.999939298E-9,0.0,
,,,899.999974990E-9,-4.00000019E-3,
,,,901.999953840E-9,-2.0000001E-3,
,,,903.999989532E-9,0.0,
,,,905.999968381E-9,0.0,
,,,907.999947231E-9,-2.0000001E-3,
,,,909.999982923E-9,-2.0000001E-3,
,,,911.999961772E-9,-2.0000001E-3,
,,,913.999940622E-9,-4.00000019E-3,
,,,915.999976314E-9,-2.0000001E-3,
,,,917.999955163E-9,-2.0000001E-3,
,,,919.999990856E-9,-2.0000001E-3,
,,,921.999969705E-9,-2.0000001E-3,
,,,923.999948554E-9,-2.0000001E-3,
,,,925.999984247E-9,-4.00000019E-3,
,,,927.999963096E-9,-2.0000001E-3,
,,,929.999941945E-9,0.0,
,,,931.999977638E-9,-2.0000001E-3,
,,,933.999956487E-9,2.0000001E-3,
,,,935.999992180E-9,0.0,
,,,937.999971029E-9,-2.0000001E-3,
,,,939.999949878E-9,-2.0000001E-3,
,,,941.999985571E-9,-2.0000001E-3,
,,,943.999964420E-9,-2.0000001E-3,
,,,945.999943269E-9,0.0,
,,,947.999978962E-9,-2.0000001E-3,
,,,949.999957811E-9,-2.0000001E-3,
,,,951.999993504E-9,0.0,
,,,953.999915509E-9,-2.0000001E-3,
,,,956.000008046E-9,-4.00000019E-3,
,,,957.999986895E-9,0.0,
,,,959.999965744E-9,-2.0000001E-3,
,,,961.999944593E-9,-4.00000019E-3,
,,,963.999923442E-9,-2.0000001E-3,
,,,966.000015978E-9,0.0,
,,,967.999994828E-9,0.0,
,,,969.999973677E-9,-2.0000001E-3,
,,,971.999952526E-9,-4.00000019E-3,
,,,973.999931375E-9,2.0000001E-3,
,,,975.999910224E-9,0.0,
,,,978.000002760E-9,0.0,
,,,979.999981610E-9,0.0,
,,,981.999960459E-9,-2.0000001E-3,
,,,983.999939308E-9,2.0000001E-3,
,,,985.999918157E-9,0.0,
,,,988.000010693E-9,-2.0000001E-3,
,,,989.999989542E-9,0.0,
,,,991.999968392E-9,0.0,
,,,993.999947241E-9,-2.0000001E-3,
,,,995.999926090E-9,-2.0000001E-3,
,,,998.000018626E-9,-2.0000001E-3,
,,,1.000000E-6,0.0,
,,,1.0020000E-6,-4.00000019E-3,
,,,1.0040000E-6,-2.0000001E-3,
,,,1.0059999E-6,0.0,
,,,1.0079999E-6,-2.0000001E-3,
,,,1.0100000E-6,-2.0000001E-3,
,,,1.0120000E-6,0.0,
,,,1.0140000E-6,-2.0000001E-3,
,,,1.0159999E-6,-2.0000001E-3,
,,,1.0179999E-6,0.0,
,,,1.0200000E-6,-2.0000001E-3,
,,,1.0220000E-6,0.0,
,,,1.0240000E-6,0.0,
,,,1.0259999E-6,-4.00000019E-3,
,,,1.0279999E-6,-2.0000001E-3,
,,,1.0299999E-6,-2.0000001E-3,
,,,1.0320000E-6,-2.0000001E-3,
,,,1.0340000E-6,0.0,
,,,1.0360000E-6,0.0,
,,,1.0379999E-6,-2.0000001E-3,
,,,1.0399999E-6,2.0000001E-3,
,,,1.0420000E-6,0.0,
,,,1.0440000E-6,-2.0000001E-3,
,,,1.0460000E-6,-2.0000001E-3,
,,,1.0479999E-6,-4.00000019E-3,
,,,1.0499999E-6,0.0,
,,,1.0520000E-6,0.0,
,,,1.0540000E-6,-2.0000001E-3,
,,,1.0560000E-6,-2.0000001E-3,
,,,1.0580000E-6,-4.00000019E-3,
,,,1.0599999E-6,-4.00000019E-3,
,,,1.0619999E-6,-2.0000001E-3,
,,,1.0640000E-6,-2.0000001E-3,
,,,1.0660000E-6,0.0,
,,,1.0680000E-6,-2.0000001E-3,
,,,1.0699999E-6,-2.0000001E-3,
,,,1.0719999E-6,0.0,
,,,1.0740000E-6,2.0000001E-3,
,,,1.0760000E-6,-2.0000001E-3,
,,,1.0780000E-6,-2.0000001E-3,
,,,1.0799999E-6,-2.0000001E-3,
,,,1.0819999E-6,0.0,
,,,1.0839999E-6,2.0000001E-3,
,,,1.0860000E-6,-2.0000001E-3,
,,,1.0880000E-6,0.0,
,,,1.0900000E-6,-4.00000019E-3,
,,,1.0919999E-6,0.0,
,,,1.0939999E-6,-2.0000001E-3,
,,,1.0960000E-6,-2.0000001E-3,
,,,1.0980000E-6,-4.00000019E-3,
,,,1.1000000E-6,0.0,
,,,1.1019999E-6,0.0,
,,,1.1039999E-6,0.0,
,,,1.1060000E-6,-2.0000001E-3,
,,,1.1080000E-6,-2.0000001E-3,
,,,1.1100000E-6,-2.0000001E-3,
,,,1.1119999E-6,-2.0000001E-3,
,,,1.1139999E-6,-2.0000001E-3,
,,,1.1159999E-6,0.0,
,,,1.1180000E-6,-2.0000001E-3,
,,,1.1200000E-6,-2.0000001E-3,
,,,1.1220000E-6,0.0,
,,,1.1239999E-6,0.0,
,,,1.1259999E-6,0.0,
,,,1.1280000E-6,0.0,
,,,1.1300000E-6,-2.0000001E-3,
,,,1.1320000E-6,2.0000001E-3,
,,,1.1339999E-6,0.0,
,,,1.1359999E-6,-2.0000001E-3,
,,,1.1380000E-6,0.0,
,,,1.1400000E-6,-2.0000001E-3,
,,,1.1420000E-6,-2.0000001E-3,
,,,1.1440000E-6,2.0000001E-3,
,,,1.1459999E-6,-2.0000001E-3,
,,,1.1479999E-6,-2.0000001E-3,
,,,1.1500000E-6,-4.00000019E-3,
,,,1.1520000E-6,0.0,
,,,1.1540000E-6,-2.0000001E-3,
,,,1.1559999E-6,-2.0000001E-3,
,,,1.1579999E-6,-2.0000001E-3,
,,,1.1600000E-6,0.0,
,,,1.1620000E-6,0.0,
,,,1.1640000E-6,-2.0000001E-3,
,,,1.1659999E-6,2.0000001E-3,
,,,1.1679999E-6,-2.0000001E-3,
,,,1.1699999E-6,-2.0000001E-3,
,,,1.1720000E-6,2.0000001E-3,
,,,1.1740000E-6,-2.0000001E-3,
,,,1.1760000E-6,-2.0000001E-3,
,,,1.1779999E-6,-2.0000001E-3,
,,,1.1799999E-6,-2.0000001E-3,
,,,1.1820000E-6,-2.0000001E-3,
,,,1.1840000E-6,-2.0000001E-3,
,,,1.1860000E-6,-2.0000001E-3,
,,,1.1879999E-6,0.0,
,,,1.1899999E-6,0.0,
,,,1.1920000E-6,-2.0000001E-3,
,,,1.1940000E-6,0.0,
,,,1.1960000E-6,0.0,
,,,1.1979999E-6,2.0000001E-3,
,,,1.1999999E-6,0.0,
,,,1.2019999E-6,-2.0000001E-3,
,,,1.2040000E-6,-2.0000001E-3,
,,,1.2060000E-6,-2.0000001E-3,
,,,1.2080000E-6,-2.0000001E-3,
,,,1.2099999E-6,0.0,
,,,1.2119999E-6,-2.0000001E-3,
,,,1.2140000E-6,-4.00000019E-3,
,,,1.2160000E-6,2.0000001E-3,
,,,1.2180000E-6,-2.0000001E-3,
,,,1.2199999E-6,0.0,
,,,1.2219999E-6,2.0000001E-3,
,,,1.2239999E-6,-2.0000001E-3,
,,,1.2260000E-6,-4.00000019E-3,
,,,1.2280000E-6,-2.0000001E-3,
,,,1.2300000E-6,-2.0000001E-3,
,,,1.2319999E-6,2.0000001E-3,
,,,1.2339999E-6,0.0,
,,,1.2360000E-6,-4.00000019E-3,
,,,1.2380000E-6,0.0,
,,,1.2400000E-6,-2.0000001E-3,
,,,1.2419999E-6,-2.0000001E-3,
,,,1.2439999E-6,-2.0000001E-3,
,,,1.2460000E-6,-2.0000001E-3,
,,,1.2480000E-6,0.0,
,,,1.2500000E-6,-2.0000001E-3,
,,,1.2519999E-6,-4.00000019E-3,
,,,1.2539999E-6,0.0,
,,,1.2559999E-6,-2.0000001E-3,
,,,1.2580000E-6,-2.0000001E-3,
,,,1.2600000E-6,2.0000001E-3,
,,,1.2620000E-6,-2.0000001E-3,
,,,1.2639999E-6,0.0,
,,,1.2659999E-6,-2.0000001E-3,
,,,1.2680000E-6,-4.00000019E-3,
,,,1.2700000E-6,0.0,
,,,1.2720000E-6,-2.0000001E-3,
,,,1.2739999E-6,-2.0000001E-3,
,,,1.2759999E-6,-2.0000001E-3,
,,,1.2779999E-6,-4.00000019E-3,
,,,1.2800000E-6,-2.0000001E-3,
,,,1.2820000E-6,2.0000001E-3,
,,,1.2839999E-6,-4.00000019E-3,
,,,1.2859999E-6,-2.0000001E-3,
,,,1.2879999E-6,-4.00000019E-3,
,,,1.2900000E-6,0.0,
,,,1.2920000E-6,-4.00000019E-3,
,,,1.2940000E-6,0.0,
,,,1.2959999E-6,-4.00000019E-3,
,,,1.2979999E-6,0.0,
,,,1.3000000E-6,0.0,
,,,1.3020000E-6,0.0,
,,,1.3040000E-6,0.0,
,,,1.3059999E-6,0.0,
,,,1.3079999E-6,-4.00000019E-3,
,,,1.3099999E-6,-4.00000019E-3,
,,,1.3120000E-6,-4.00000019E-3,
,,,1.3140000E-6,0.0,
,,,1.3160000E-6,0.0,
,,,1.3179999E-6,-2.0000001E-3,
,,,1.3199999E-6,0.0,
,,,1.3220000E-6,-2.0000001E-3,
,,,1.3240000E-6,0.0,
,,,1.3260000E-6,0.0,
,,,1.3279999E-6,-2.0000001E-3,
,,,1.3299999E-6,2.0000001E-3,
,,,1.3320000E-6,0.0,
,,,1.3340000E-6,0.0,
,,,1.3360000E-6,4.00000019E-3,
,,,1.3379999E-6,-2.0000001E-3,
,,,1.3399999E-6,-4.00000019E-3,
,,,1.3419999E-6,0.0,
,,,1.3440000E-6,-2.0000001E-3,
,,,1.3460000E-6,-4.00000019E-3,
,,,1.3480000E-6,-4.00000019E-3,
,,,1.3499999E-6,-2.0000001E-3,
,,,1.3519999E-6,-2.0000001E-3,
,,,1.3540000E-6,-2.0000001E-3,
,,,1.3560000E-6,-2.0000001E-3,
,,,1.3580000E-6,-2.0000001E-3,
,,,1.3599999E-6,0.0,
,,,1.3619999E-6,-2.0000001E-3,
,,,1.3639999E-6,2.0000001E-3,
,,,1.3660000E-6,-2.0000001E-3,
,,,1.3680000E-6,-4.00000019E-3,
,,,1.3699999E-6,-2.0000001E-3,
,,,1.3719999E-6,-2.0000001E-3,
,,,1.3739999E-6,-2.0000001E-3,
,,,1.3760000E-6,-2.0000001E-3,
,,,1.3780000E-6,-2.0000001E-3,
,,,1.3800000E-6,0.0,
,,,1.3819999E-6,-2.0000001E-3,
,,,1.3839999E-6,0.0,
,,,1.3860000E-6,2.0000001E-3,
,,,1.3880000E-6,-2.0000001E-3,
,,,1.3900000E-6,-2.0000001E-3,
,,,1.3919999E-6,-2.0000001E-3,
,,,1.3939999E-6,-2.0000001E-3,
,,,1.3959999E-6,-2.0000001E-3,
,,,1.3980000E-6,-2.0000001E-3,
,,,1.4000000E-6,0.0,
,,,1.4020000E-6,0.0,
,,,1.4039999E-6,0.0,
,,,1.4059999E-6,-2.0000001E-3,
,,,1.4080000E-6,-2.0000001E-3,
,,,1.4100000E-6,-2.0000001E-3,
,,,1.4120000E-6,-2.0000001E-3,
,,,1.4139999E-6,0.0,
,,,1.4159999E-6,-2.0000001E-3,
,,,1.4179999E-6,0.0,
,,,1.4200000E-6,-2.0000001E-3,
,,,1.4220000E-6,-2.0000001E-3,
,,,1.4239999E-6,-2.0000001E-3,
,,,1.4259999E-6,-4.00000019E-3,
,,,1.4279999E-6,-2.0000001E-3,
,,,1.4300000E-6,4.00000019E-3,
,,,1.4320000E-6,-2.0000001E-3,
,,,1.4340000E-6,0.0,
,,,1.4359999E-6,2.0000001E-3,
,,,1.4379999E-6,-2.0000001E-3,
,,,1.4400000E-6,-2.0000001E-3,
,,,1.4420000E-6,-2.0000001E-3,
,,,1.4440000E-6,-2.0000001E-3,
,,,1.4459999E-6,-2.0000001E-3,
,,,1.4479999E-6,-2.0000001E-3,
,,,1.4499999E-6,-2.0000001E-3,
,,,1.4520000E-6,-2.0000001E-3,
,,,1.4540000E-6,-4.00000019E-3,
,,,1.4559999E-6,0.0,
,,,1.4579999E-6,0.0,
,,,1.4599999E-6,-2.0000001E-3,
,,,1.4620000E-6,0.0,
,,,1.4640000E-6,-2.0000001E-3,
,,,1.4660000E-6,0.0,
,,,1.4679999E-6,0.0,
,,,1.4699999E-6,0.0,
,,,1.4719999E-6,-2.0000001E-3,
,,,1.4740000E-6,-2.0000001E-3,
,,,1.4760000E-6,-2.0000001E-3,
,,,1.4779999E-6,0.0,
,,,1.4799999E-6,0.0,
,,,1.4819999E-6,-2.0000001E-3,
,,,1.4840000E-6,0.0,
,,,1.4860000E-6,-2.0000001E-3,
,,,1.4880000E-6,0.0,
,,,1.4899999E-6,-2.0000001E-3,
,,,1.4919999E-6,-2.0000001E-3,
,,,1.4940000E-6,-2.0000001E-3,
,,,1.4960000E-6,0.0,
,,,1.4980000E-6,0.0,
,,,1.4999999E-6,0.0,
,,,1.5019999E-6,-2.0000001E-3,
,,,1.5039999E-6,-2.0000001E-3,
,,,1.5060000E-6,-4.00000019E-3,
,,,1.5080000E-6,-4.00000019E-3,
,,,1.5099999E-6,-4.00000019E-3,
,,,1.5119999E-6,-4.00000019E-3,
,,,1.5139999E-6,-4.00000019E-3,
,,,1.5160000E-6,-4.00000019E-3,
,,,1.5180000E-6,0.0,
,,,1.5200000E-6,-2.0000001E-3,
,,,1.5219999E-6,0.0,
,,,1.5239999E-6,-2.0000001E-3,
,,,1.5260000E-6,-2.0000001E-3,
,,,1.5280000E-6,0.0,
,,,1.5300000E-6,0.0,
,,,1.5319999E-6,0.0,
,,,1.5339999E-6,2.0000001E-3,
,,,1.5359999E-6,0.0,
,,,1.5380000E-6,-2.0000001E-3,
,,,1.5400000E-6,0.0,
,,,1.5419999E-6,-2.0000001E-3,
,,,1.5439999E-6,-2.0000001E-3,
,,,1.5459999E-6,-2.0000001E-3,
,,,1.5480000E-6,-2.0000001E-3,
,,,1.5500000E-6,-2.0000001E-3,
,,,1.5520000E-6,0.0,
,,,1.5539999E-6,-2.0000001E-3,
,,,1.5559999E-6,-4.00000019E-3,
,,,1.5579999E-6,-4.00000019E-3,
,,,1.5600000E-6,0.0,
,,,1.5620000E-6,0.0,
,,,1.5639999E-6,-2.0000001E-3,
,,,1.5659999E-6,-4.00000019E-3,
,,,1.5679999E-6,0.0,
,,,1.5700000E-6,-4.00000019E-3,
,,,1.5720000E-6,-2.0000001E-3,
,,,1.5740000E-6,-4.00000019E-3,
,,,1.5759999E-6,0.0,
,,,1.5779999E-6,2.0000001E-3,
,,,1.5800000E-6,-2.0000001E-3,
,,,1.5820000E-6,-2.0000001E-3,
,,,1.5840000E-6,2.0000001E-3,
,,,1.5859999E-6,0.0,
,,,1.5879999E-6,-2.0000001E-3,
,,,1.5899999E-6,-2.0000001E-3,
,,,1.5920000E-6,-2.0000001E-3,
,,,1.5940000E-6,-2.0000001E-3,
,,,1.5959999E-6,-4.00000019E-3,
,,,1.5979999E-6,-4.00000019E-3,
,,,1.5999999E-6,-2.0000001E-3,
,,,1.6020000E-6,-2.0000001E-3,
,,,1.6040000E-6,-2.0000001E-3,
,,,1.6060000E-6,0.0,
,,,1.6079999E-6,-2.0000001E-3,
,,,1.6099999E-6,-4.00000019E-3,
,,,1.6119999E-6,0.0,
,,,1.6140000E-6,-2.0000001E-3,
,,,1.6160000E-6,0.0,
,,,1.6179999E-6,-2.0000001E-3,
,,,1.6199999E-6,0.0,
,,,1.6219999E-6,-2.0000001E-3,
,,,1.6240000E-6,0.0,
,,,1.6260000E-6,0.0,
,,,1.6279999E-6,2.0000001E-3,
,,,1.6299999E-6,-2.0000001E-3,
,,,1.6319999E-6,0.0,
,,,1.6340000E-6,0.0,
,,,1.6360000E-6,-2.0000001E-3,
,,,1.6380000E-6,-2.0000001E-3,
,,,1.6399999E-6,-2.0000001E-3,
,,,1.6419999E-6,-2.0000001E-3,
,,,1.6439999E-6,0.0,
,,,1.6460000E-6,-2.0000001E-3,
,,,1.6480000E-6,-4.00000019E-3,
,,,1.6499999E-6,-2.0000001E-3,
,,,1.6519999E-6,-2.0000001E-3,
,,,1.6539999E-6,0.0,
,,,1.6560000E-6,0.0,
,,,1.6580000E-6,0.0,
,,,1.6600000E-6,2.0000001E-3,
,,,1.6619999E-6,-2.0000001E-3,
,,,1.6639999E-6,-2.0000001E-3,
,,,1.6659999E-6,2.0000001E-3,
,,,1.6680000E-6,0.0,
,,,1.6700000E-6,0.0,
,,,1.6719999E-6,-2.0000001E-3,
,,,1.6739999E-6,-2.0000001E-3,
,,,1.6759999E-6,-4.00000019E-3,
,,,1.6780000E-6,-2.0000001E-3,
,,,1.6800000E-6,0.0,
,,,1.6819999E-6,-2.0000001E-3,
,,,1.6839999E-6,-2.0000001E-3,
,,,1.6859999E-6,-2.0000001E-3,
,,,1.6880000E-6,-2.0000001E-3,
,,,1.6900000E-6,0.0,
,,,1.6920000E-6,-2.0000001E-3,
,,,1.6939999E-6,0.0,
,,,1.6959999E-6,-2.0000001E-3,
,,,1.6979999E-6,-2.0000001E-3,
,,,1.7000000E-6,-2.0000001E-3,
,,,1.7020000E-6,-2.0000001E-3,
,,,1.7039999E-6,-2.0000001E-3,
,,,1.7059999E-6,-2.0000001E-3,
,,,1.7079999E-6,-2.0000001E-3,
,,,1.7100000E-6,-4.00000019E-3,
,,,1.7120000E-6,-2.0000001E-3,
,,,1.7139999E-6,-2.0000001E-3,
,,,1.7159999E-6,0.0,
,,,1.7179999E-6,-2.0000001E-3,
,,,1.7200000E-6,-2.0000001E-3,
,,,1.7220000E-6,-2.0000001E-3,
,,,1.7240000E-6,-4.00000019E-3,
,,,1.7259999E-6,-2.0000001E-3,
,,,1.7279999E-6,0.0,
,,,1.7299999E-6,-2.0000001E-3,
,,,1.7320000E-6,0.0,
,,,1.7340000E-6,-2.0000001E-3,
,,,1.7359999E-6,-2.0000001E-3,
,,,1.7379999E-6,0.0,
,,,1.7399999E-6,-2.0000001E-3,
,,,1.7420000E-6,-2.0000001E-3,
,,,1.7440000E-6,0.0,
,,,1.7460000E-6,-4.00000019E-3,
,,,1.7479999E-6,-2.0000001E-3,
,,,1.7499999E-6,-4.00000019E-3,
,,,1.7519999E-6,-2.0000001E-3,
,,,1.7540000E-6,-2.0000001E-3,
,,,1.7560000E-6,-4.00000019E-3,
,,,1.7579999E-6,-2.0000001E-3,
,,,1.7599999E-6,0.0,
,,,1.7619999E-6,0.0,
,,,1.7640000E-6,0.0,
,,,1.7660000E-6,-2.0000001E-3,
,,,1.7679999E-6,-2.0000001E-3,
,,,1.7699999E-6,-2.0000001E-3,
,,,1.7719999E-6,-2.0000001E-3,
,,,1.7740000E-6,0.0,
,,,1.7760000E-6,0.0,
,,,1.7780000E-6,-4.00000019E-3,
,,,1.7799999E-6,0.0,
,,,1.7819999E-6,2.0000001E-3,
,,,1.7839999E-6,0.0,
,,,1.7860000E-6,-2.0000001E-3,
,,,1.7880000E-6,0.0,
,,,1.7899999E-6,0.0,
,,,1.7919999E-6,0.0,
,,,1.7939999E-6,-2.0000001E-3,
,,,1.7960000E-6,-2.0000001E-3,
,,,1.7980000E-6,-2.0000001E-3,
,,,1.7999999E-6,-2.0000001E-3,
,,,1.8019999E-6,-2.0000001E-3,
,,,1.8039999E-6,0.0,
,,,1.8059999E-6,-2.0000001E-3,
,,,1.8080000E-6,-4.00000019E-3,
,,,1.8100000E-6,0.0,
,,,1.8119999E-6,-4.00000019E-3,
,,,1.8139999E-6,0.0,
,,,1.8159999E-6,0.0,
,,,1.8180000E-6,-4.00000019E-3,
,,,1.8200000E-6,-4.00000019E-3,
,,,1.8219999E-6,-2.0000001E-3,
,,,1.8239999E-6,-2.0000001E-3,
,,,1.8259999E-6,2.0000001E-3,
,,,1.8280000E-6,0.0,
,,,1.8300000E-6,-2.0000001E-3,
,,,1.8320000E-6,2.0000001E-3,
,,,1.8339999E-6,-2.0000001E-3,
,,,1.8359999E-6,0.0,
,,,1.8379999E-6,-2.0000001E-3,
,,,1.8400000E-6,-2.0000001E-3,
,,,1.8420000E-6,0.0,
,,,1.8439999E-6,-2.0000001E-3,
,,,1.8459999E-6,0.0,
,,,1.8479999E-6,-2.0000001E-3,
,,,1.8500000E-6,-2.0000001E-3,
,,,1.8520000E-6,0.0,
,,,1.8539999E-6,-2.0000001E-3,
,,,1.8559999E-6,-2.0000001E-3,
,,,1.8579999E-6,2.0000001E-3,
,,,1.8599999E-6,-2.0000001E-3,
,,,1.8620000E-6,-2.0000001E-3,
,,,1.8640000E-6,0.0,
,,,1.8659999E-6,0.0,
,,,1.8679999E-6,-2.0000001E-3,
,,,1.8699999E-6,-2.0000001E-3,
,,,1.8720000E-6,-4.00000019E-3,
,,,1.8740000E-6,-2.0000001E-3,
,,,1.8759999E-6,2.0000001E-3,
,,,1.8779999E-6,-2.0000001E-3,
,,,1.8799999E-6,0.0,
,,,1.8820000E-6,-4.00000019E-3,
,,,1.8840000E-6,0.0,
,,,1.8859999E-6,0.0,
,,,1.8879999E-6,0.0,
,,,1.8899999E-6,-2.0000001E-3,
,,,1.8919999E-6,0.0,
,,,1.8940000E-6,0.0,
,,,1.8960000E-6,0.0,
,,,1.8979999E-6,-2.0000001E-3,
,,,1.8999999E-6,-2.0000001E-3,
,,,1.9019999E-6,-4.00000019E-3,
,,,1.9040000E-6,-2.0000001E-3,
,,,1.9060000E-6,-2.0000001E-3,
,,,1.9079998E-6,-2.0000001E-3,
,,,1.9100000E-6,-2.0000001E-3,
,,,1.9120000E-6,-2.0000001E-3,
,,,1.9140000E-6,-2.0000001E-3,
,,,1.9160000E-6,0.0,
,,,1.9180000E-6,2.0000001E-3,
,,,1.9199999E-6,0.0,
,,,1.9219999E-6,-2.0000001E-3,
,,,1.9239999E-6,2.0000001E-3,
,,,1.9259999E-6,0.0,
,,,1.9279998E-6,0.0,
,,,1.9299998E-6,0.0,
,,,1.9320000E-6,-2.0000001E-3,
,,,1.9340000E-6,0.0,
,,,1.9360000E-6,2.0000001E-3,
,,,1.9380000E-6,-2.0000001E-3,
,,,1.9399999E-6,-4.00000019E-3,
,,,1.9419999E-6,-2.0000001E-3,
,,,1.9439999E-6,-2.0000001E-3,
,,,1.9459999E-6,-2.0000001E-3,
,,,1.9479999E-6,0.0,
,,,1.9499998E-6,-4.00000019E-3,
,,,1.9520000E-6,-2.0000001E-3,
,,,1.9540000E-6,-2.0000001E-3,
,,,1.9560000E-6,0.0,
,,,1.9580000E-6,2.0000001E-3,
,,,1.9600000E-6,-2.0000001E-3,
,,,1.9619999E-6,-4.00000019E-3,
,,,1.9639999E-6,-2.0000001E-3,
,,,1.9659999E-6,-4.00000019E-3,
,,,1.9679999E-6,-2.0000001E-3,
,,,1.9699999E-6,-4.00000019E-3,
,,,1.9719998E-6,-2.0000001E-3,
,,,1.9740000E-6,2.0000001E-3,
,,,1.9760000E-6,-4.00000019E-3,
,,,1.9780000E-6,-4.00000019E-3,
,,,1.9800000E-6,0.0,
,,,1.9820000E-6,-2.0000001E-3,
,,,1.9839999E-6,-2.0000001E-3,
,,,1.9859999E-6,0.0,
,,,1.9879999E-6,-2.0000001E-3,
,,,1.9899999E-6,-2.0000001E-3,
,,,1.9919999E-6,-4.00000019E-3,
,,,1.9939998E-6,-2.0000001E-3,
,,,1.9960000E-6,0.0,
,,,1.9980000E-6,0.0,
,,,2.0000000E-6,-4.00000019E-3,
,,,2.0020000E-6,-2.0000001E-3,
,,,2.0040000E-6,-2.0000001E-3,
,,,2.0059999E-6,-2.0000001E-3,
,,,2.0079999E-6,0.0,
,,,2.0099999E-6,-2.0000001E-3,
,,,2.0119999E-6,0.0,
,,,2.0139998E-6,0.0,
,,,2.0159998E-6,-2.0000001E-3,
,,,2.0180000E-6,-2.0000001E-3,
,,,2.0200000E-6,-4.00000019E-3,
,,,2.0220000E-6,-2.0000001E-3,
,,,2.0240000E-6,0.0,
,,,2.0259999E-6,-2.0000001E-3,
,,,2.0279999E-6,0.0,
,,,2.0299999E-6,0.0,
,,,2.0319999E-6,-2.0000001E-3,
,,,2.0339999E-6,-4.00000019E-3,
,,,2.0359998E-6,-4.00000019E-3,
,,,2.0380000E-6,-2.0000001E-3,
,,,2.0400000E-6,2.0000001E-3,
,,,2.0420000E-6,0.0,
,,,2.0440000E-6,-4.00000019E-3,
,,,2.0460000E-6,-2.0000001E-3,
,,,2.0479999E-6,-2.0000001E-3,
,,,2.0499999E-6,-2.0000001E-3,
,,,2.0519999E-6,-2.0000001E-3,
,,,2.0539999E-6,-2.0000001E-3,
,,,2.0559999E-6,2.0000001E-3,
,,,2.0579998E-6,-2.0000001E-3,
,,,2.0600000E-6,-2.0000001E-3,
,,,2.0620000E-6,-2.0000001E-3,
,,,2.0640000E-6,0.0,
,,,2.0660000E-6,-2.0000001E-3,
,,,2.0680000E-6,-2.0000001E-3,
,,,2.0699999E-6,-4.00000019E-3,
,,,2.0719999E-6,-2.0000001E-3,
,,,2.0739999E-6,2.0000001E-3,
,,,2.0759999E-6,-2.0000001E-3,
,,,2.0779999E-6,-2.0000001E-3,
,,,2.0799998E-6,-4.00000019E-3,
,,,2.0820000E-6,0.0,
,,,2.0840000E-6,-4.00000019E-3,
,,,2.0860000E-6,0.0,
,,,2.0880000E-6,-2.0000001E-3,
,,,2.0900000E-6,0.0,
,,,2.0919999E-6,0.0,
,,,2.0939999E-6,-2.0000001E-3,
,,,2.0959999E-6,-2.0000001E-3,
,,,2.0979999E-6,-2.0000001E-3,
,,,2.0999998E-6,-2.0000001E-3,
,,,2.1019998E-6,-2.0000001E-3,
,,,2.1040000E-6,-2.0000001E-3,
,,,2.1060000E-6,-2.0000001E-3,
,,,2.1080000E-6,-2.0000001E-3,
,,,2.1100000E-6,-2.0000001E-3,
,,,2.1119999E-6,0.0,
,,,2.1139999E-6,2.0000001E-3,
,,,2.1159999E-6,2.0000001E-3,
,,,2.1179999E-6,0.0,
,,,2.1199999E-6,0.0,
,,,2.1219998E-6,2.0000001E-3,
,,,2.1239998E-6,0.0,
,,,2.1260000E-6,-2.0000001E-3,
,,,2.1280000E-6,2.0000001E-3,
,,,2.1300000E-6,0.0,
,,,2.1320000E-6,-2.0000001E-3,
,,,2.1339999E-6,0.0,
,,,2.1359999E-6,-4.00000019E-3,
,,,2.1379999E-6,-4.00000019E-3,
,,,2.1399999E-6,-2.0000001E-3,
,,,2.1419999E-6,-4.00000019E-3,
,,,2.1439998E-6,-4.00000019E-3,
,,,2.1460000E-6,-4.00000019E-3,
,,,2.1480000E-6,-2.0000001E-3,
,,,2.1500000E-6,-2.0000001E-3,
,,,2.1520000E-6,-4.00000019E-3,
,,,2.1540000E-6,-2.0000001E-3,
,,,2.1559999E-6,0.0,
,,,2.1579999E-6,-2.0000001E-3,
,,,2.1599999E-6,-4.00000019E-3,
,,,2.1619999E-6,-2.0000001E-3,
,,,2.1639999E-6,-2.0000001E-3,
,,,2.1659998E-6,-2.0000001E-3,
,,,2.1680000E-6,-4.00000019E-3,
,,,2.1700000E-6,-2.0000001E-3,
,,,2.1720000E-6,0.0,
,,,2.1740000E-6,-2.0000001E-3,
,,,2.1760000E-6,-2.0000001E-3,
,,,2.1779999E-6,2.0000001E-3,
,,,2.1799999E-6,-2.0000001E-3,
,,,2.1819999E-6,-2.0000001E-3,
,,,2.1839999E-6,-2.0000001E-3,
,,,2.1859998E-6,-2.0000001E-3,
,,,2.1879998E-6,0.0,
,,,2.1900000E-6,-6.00000005E-3,
,,,2.1920000E-6,-2.0000001E-3,
,,,2.1940000E-6,-4.00000019E-3,
,,,2.1960000E-6,0.0,
,,,2.1979999E-6,-2.0000001E-3,
,,,2.1999999E-6,0.0,
,,,2.2019999E-6,-2.0000001E-3,
,,,2.2039999E-6,-2.0000001E-3,
,,,2.2059999E-6,0.0,
,,,2.2079998E-6,-2.0000001E-3,
,,,2.2099998E-6,-2.0000001E-3,
,,,2.2120000E-6,0.0,
,,,2.2140000E-6,-2.0000001E-3,
,,,2.2160000E-6,-2.0000001E-3,
,,,2.2180000E-6,-2.0000001E-3,
,,,2.2199999E-6,0.0,
,,,2.2219999E-6,2.0000001E-3,
,,,2.2239999E-6,0.0,
,,,2.2259999E-6,-2.0000001E-3,
,,,2.2279999E-6,0.0,
,,,2.2299998E-6,0.0,
,,,2.2320000E-6,-2.0000001E-3,
,,,2.2340000E-6,-2.0000001E-3,
,,,2.2360000E-6,-2.0000001E-3,
,,,2.2380000E-6,0.0,
,,,2.2400000E-6,0.0,
,,,2.2419999E-6,-2.0000001E-3,
,,,2.2439999E-6,-2.0000001E-3,
,,,2.2459999E-6,-2.0000001E-3,
,,,2.2479999E-6,0.0,
,,,2.2499999E-6,-2.0000001E-3,
,,,2.2519998E-6,-2.0000001E-3,
,,,2.2540000E-6,0.0,
,,,2.2560000E-6,-2.0000001E-3,
,,,2.2580000E-6,-2.0000001E-3,
,,,2.2600000E-6,2.0000001E-3,
,,,2.2620000E-6,-2.0000001E-3,
,,,2.2639999E-6,-2.0000001E-3,
,,,2.2659999E-6,-2.0000001E-3,
,,,2.2679999E-6,-4.00000019E-3,
,,,2.2699999E-6,0.0,
,,,2.2719998E-6,0.0,
,,,2.2739998E-6,-2.0000001E-3,
,,,2.2760000E-6,0.0,
,,,2.2780000E-6,-4.00000019E-3,
,,,2.2800000E-6,0.0,
,,,2.2820000E-6,-2.0000001E-3,
,,,2.2839999E-6,-2.0000001E-3,
,,,2.2859999E-6,-4.00000019E-3,
,,,2.2879999E-6,-2.0000001E-3,
,,,2.2899999E-6,0.0,
,,,2.2919999E-6,0.0,
,,,2.2939998E-6,-2.0000001E-3,
,,,2.2959998E-6,-2.0000001E-3,
,,,2.2980000E-6,-2.0000001E-3,
,,,2.3000000E-6,-2.0000001E-3,
,,,2.3020000E-6,-4.00000019E-3,
,,,2.3040000E-6,-2.0000001E-3,
,,,2.3059999E-6,-4.00000019E-3,
,,,2.3079999E-6,-2.0000001E-3,
,,,2.3099999E-6,-2.0000001E-3,
,,,2.3119999E-6,-2.0000001E-3,
,,,2.3139999E-6,-2.0000001E-3,
,,,2.3159998E-6,0.0,
,,,2.3179998E-6,-4.00000019E-3,
,,,2.3200000E-6,0.0,
,,,2.3220000E-6,-2.0000001E-3,
,,,2.3240000E-6,-2.0000001E-3,
,,,2.3260000E-6,2.0000001E-3,
,,,2.3279999E-6,-2.0000001E-3,
,,,2.3299999E-6,0.0,
,,,2.3319999E-6,0.0,
,,,2.3339999E-6,-4.00000019E-3,
,,,2.3359999E-6,-2.0000001E-3,
,,,2.3379998E-6,-2.0000001E-3,
,,,2.3400000E-6,-2.0000001E-3,
,,,2.3420000E-6,-2.0000001E-3,
,,,2.3440000E-6,0.0,
,,,2.3460000E-6,-4.00000019E-3,
,,,2.3480000E-6,0.0,
,,,2.3499999E-6,-4.00000019E-3,
,,,2.3519999E-6,-4.00000019E-3,
,,,2.3539999E-6,0.0,
,,,2.3559999E-6,-2.0000001E-3,
,,,2.3579998E-6,-2.0000001E-3,
,,,2.3599998E-6,-2.0000001E-3,
,,,2.3620000E-6,-4.00000019E-3,
,,,2.3640000E-6,0.0,
,,,2.3660000E-6,-2.0000001E-3,
,,,2.3680000E-6,-2.0000001E-3,
,,,2.3699999E-6,0.0,
,,,2.3719999E-6,-2.0000001E-3,
,,,2.3739999E-6,0.0,
,,,2.3759999E-6,0.0,
,,,2.3779999E-6,-2.0000001E-3,
,,,2.3799998E-6,-2.0000001E-3,
,,,2.3819998E-6,-2.0000001E-3,
,,,2.3840000E-6,0.0,
,,,2.3860000E-6,-2.0000001E-3,
,,,2.3880000E-6,-4.00000019E-3,
,,,2.3900000E-6,-2.0000001E-3,
,,,2.3919999E-6,-2.0000001E-3,
,,,2.3939999E-6,0.0,
,,,2.3959999E-6,-2.0000001E-3,
,,,2.3979999E-6,0.0,
,,,2.3999999E-6,-2.0000001E-3,
,,,2.4019998E-6,0.0,
,,,2.4039998E-6,0.0,
,,,2.4060000E-6,-2.0000001E-3,
,,,2.4080000E-6,0.0,
,,,2.4100000E-6,0.0,
,,,2.4120000E-6,-2.0000001E-3,
,,,2.4139999E-6,-4.00000019E-3,
,,,2.4159999E-6,-4.00000019E-3,
,,,2.4179999E-6,-2.0000001E-3,
,,,2.4199999E-6,0.0,
,,,2.4219999E-6,-2.0000001E-3,
,,,2.4239998E-6,-2.0000001E-3,
,,,2.4260000E-6,0.0,
,,,2.4280000E-6,-2.0000001E-3,
,,,2.4300000E-6,-2.0000001E-3,
,,,2.4320000E-6,-4.00000019E-3,
,,,2.4340000E-6,-2.0000001E-3,
,,,2.4359999E-6,0.0,
,,,2.4379999E-6,0.0,
,,,2.4399999E-6,-2.0000001E-3,
,,,2.4419999E-6,-4.00000019E-3,
,,,2.4439998E-6,-4.00000019E-3,
,,,2.4459998E-6,-2.0000001E-3,
,,,2.4480000E-6,-2.0000001E-3,
,,,2.4500000E-6,-4.00000019E-3,
,,,2.4520000E-6,-2.0000001E-3,
,,,2.4540000E-6,-2.0000001E-3,
,,,2.4559999E-6,-2.0000001E-3,
,,,2.4579999E-6,4.00000019E-3,
,,,2.4599999E-6,0.0,
,,,2.4619999E-6,-4.00000019E-3,
,,,2.4639999E-6,-2.0000001E-3,
,,,2.4659998E-6,-2.0000001E-3,
,,,2.4679998E-6,-4.00000019E-3,
,,,2.4700000E-6,2.0000001E-3,
,,,2.4720000E-6,-2.0000001E-3,
,,,2.4740000E-6,0.0,
,,,2.4760000E-6,-2.0000001E-3,
,,,2.4779999E-6,2.0000001E-3,
,,,2.4799999E-6,-2.0000001E-3,
,,,2.4819999E-6,0.0,
,,,2.4839999E-6,-2.0000001E-3,
,,,2.4859999E-6,0.0,
,,,2.4879998E-6,0.0,
,,,2.4899998E-6,-2.0000001E-3,
,,,2.4920000E-6,-2.0000001E-3,
,,,2.4940000E-6,-4.00000019E-3,
,,,2.4960000E-6,-2.0000001E-3,
,,,2.4980000E-6,-2.0000001E-3,
